site_id,cell_area_km2,cell_size_m,county,county_geoid,line_id,voltage_kv,distance_to_hv_m,renewable_count,solar_count,wind_count,renewable_capacity_mw,nearby_plants_json,radius_m,longitude,latitude,signal_transmission_distance,contribution_transmission_distance,signal_voltage,contribution_voltage,signal_renewable_count,contribution_renewable_count,signal_renewable_capacity,contribution_renewable_capacity,score,rank
TX-379-1448-5000,25.0,5000,Wharton,48481,307442,345.0,307.71187123581404,12.0,10.0,2.0,2336.0,"[{""plant_id"": ""61875"", ""name"": ""Cascade Solar (TX)"", ""solar_mw"": 10.0, ""wind_mw"": 0.0, ""renewable_mw"": 10.0, ""distance_m"": 12059.86512683396, ""source_id"": ""plants""}, {""plant_id"": ""62945"", ""name"": ""Fighting Jays Solar Project"", ""solar_mw"": 227.5, ""wind_mw"": 0.0, ""renewable_mw"": 227.5, ""distance_m"": 20475.842155448456, ""source_id"": ""plants""}, {""plant_id"": ""63273"", ""name"": ""Wagyu"", ""solar_mw"": 120.0, ""wind_mw"": 0.0, ""renewable_mw"": 120.0, ""distance_m"": 23893.744680119387, ""source_id"": ""plants""}, {""plant_id"": ""64133"", ""name"": ""Old 300 Solar Center, LLC"", ""solar_mw"": 430.0, ""wind_mw"": 0.0, ""renewable_mw"": 430.0, ""distance_m"": 13259.494781369416, ""source_id"": ""plants""}, {""plant_id"": ""64447"", ""name"": ""Brazoria West"", ""solar_mw"": 200.0, ""wind_mw"": 0.0, ""renewable_mw"": 200.0, ""distance_m"": 23943.223000391325, ""source_id"": ""plants""}, {""plant_id"": ""65981"", ""name"": ""Second Division Solar"", ""solar_mw"": 100.0, ""wind_mw"": 0.0, ""renewable_mw"": 100.0, ""distance_m"": 17378.604894679545, ""source_id"": ""plants""}, {""plant_id"": ""66046"", ""name"": ""Brazoria County Solar Project (Danciger)"", ""solar_mw"": 200.0, ""wind_mw"": 0.0, ""renewable_mw"": 200.0, ""distance_m"": 15305.637177469109, ""source_id"": ""plants""}, {""plant_id"": ""66123"", ""name"": ""Prairie Switch Wind LLC"", ""solar_mw"": 0.0, ""wind_mw"": 163.2, ""renewable_mw"": 163.2, ""distance_m"": 24112.351671781056, ""source_id"": ""plants""}, {""plant_id"": ""66157"", ""name"": ""Red Tailed Hawk Solar LLC"", ""solar_mw"": 360.0, ""wind_mw"": 0.0, ""renewable_mw"": 360.0, ""distance_m"": 24574.532087571006, ""source_id"": ""plants""}, {""plant_id"": ""66262"", ""name"": ""Cutlass Solar II"", ""solar_mw"": 202.8, ""wind_mw"": 0.0, ""renewable_mw"": 202.8, ""distance_m"": 20919.692568365197, ""source_id"": ""plants""}, {""plant_id"": ""67443"", ""name"": ""Lane City Wind"", ""solar_mw"": 0.0, ""wind_mw"": 202.5, ""renewable_mw"": 202.5, ""distance_m"": 12517.951851587171, ""source_id"": ""plants""}, {""plant_id"": ""68998"", ""name"": ""Long Point Solar"", ""solar_mw"": 120.0, ""wind_mw"": 0.0, ""renewable_mw"": 120.0, ""distance_m"": 22167.914336811507, ""source_id"": ""plants""}]",25000,-95.9041874332783,29.235927453943685,0.9876915251505675,0.395076610060227,0.5974025974025974,0.11948051948051948,1.0,0.15,1.0,0.25,0.9145571295407465,1
TX-281-1527-5000,25.0,5000,Scurry,48415,304682,345.0,317.05424329123923,11.0,2.0,9.0,2287.8,"[{""plant_id"": ""56111"", ""name"": ""Brazos Wind Farm"", ""solar_mw"": 0.0, ""wind_mw"": 182.4, ""renewable_mw"": 182.4, ""distance_m"": 18050.007178740314, ""source_id"": ""plants""}, {""plant_id"": ""56457"", ""name"": ""Post Wind Farm LP"", ""solar_mw"": 0.0, ""wind_mw"": 84.0, ""renewable_mw"": 84.0, ""distance_m"": 22847.835095422826, ""source_id"": ""plants""}, {""plant_id"": ""56506"", ""name"": ""Scurry County Wind LP"", ""solar_mw"": 0.0, ""wind_mw"": 130.5, ""renewable_mw"": 130.5, ""distance_m"": 14870.325265900003, ""source_id"": ""plants""}, {""plant_id"": ""56775"", ""name"": ""Scurry County Wind II"", ""solar_mw"": 0.0, ""wind_mw"": 120.0, ""renewable_mw"": 120.0, ""distance_m"": 23805.446872899935, ""source_id"": ""plants""}, {""plant_id"": ""59245"", ""name"": ""Fluvanna"", ""solar_mw"": 0.0, ""wind_mw"": 155.4, ""renewable_mw"": 155.4, ""distance_m"": 16752.791957315436, ""source_id"": ""plants""}, {""plant_id"": ""60271"", ""name"": ""Canyon Wind Project, LLC"", ""solar_mw"": 0.0, ""wind_mw"": 308.8, ""renewable_mw"": 308.8, ""distance_m"": 24847.4906290422, ""source_id"": ""plants""}, {""plant_id"": ""60902"", ""name"": ""Dermott Wind"", ""solar_mw"": 0.0, ""wind_mw"": 253.0, ""renewable_mw"": 253.0, ""distance_m"": 1747.3344988371564, ""source_id"": ""plants""}, {""plant_id"": ""61417"", ""name"": ""Gopher Creek Wind Farm"", ""solar_mw"": 0.0, ""wind_mw"": 158.0, ""renewable_mw"": 158.0, ""distance_m"": 20593.614467729272, ""source_id"": ""plants""}, {""plant_id"": ""63655"", ""name"": ""Coyote Wind LLC"", ""solar_mw"": 0.0, ""wind_mw"": 242.5, ""renewable_mw"": 242.5, ""distance_m"": 11554.451636493408, ""source_id"": ""plants""}, {""plant_id"": ""65644"", ""name"": ""Lumina II Solar Project"", ""solar_mw"": 326.6, ""wind_mw"": 0.0, ""renewable_mw"": 326.6, ""distance_m"": 22986.93335872233, ""source_id"": ""plants""}, {""plant_id"": ""65645"", ""name"": ""Lumina Solar Project"", ""solar_mw"": 326.6, ""wind_mw"": 0.0, ""renewable_mw"": 326.6, ""distance_m"": 5255.279377991268, ""source_id"": ""plants""}]",25000,-100.98994395367575,32.854172164521835,0.9873178302683504,0.3949271321073402,0.5974025974025974,0.11948051948051948,0.9166666666666666,0.13749999999999998,1.0,0.25,0.9019076515878597,2
TX-294-1516-5000,25.0,5000,Nolan,48353,304680,345.0,902.9629075490576,12.0,0.0,12.0,1957.7,"[{""plant_id"": ""55968"", ""name"": ""Trent Wind Farm"", ""solar_mw"": 0.0, ""wind_mw"": 152.0, ""renewable_mw"": 152.0, ""distance_m"": 9224.76714415532, ""source_id"": ""plants""}, {""plant_id"": ""56211"", ""name"": ""Sweetwater Wind 1 LLC"", ""solar_mw"": 0.0, ""wind_mw"": 37.5, ""renewable_mw"": 37.5, ""distance_m"": 4339.76400735147, ""source_id"": ""plants""}, {""plant_id"": ""56212"", ""name"": ""Sweetwater Wind 2 LLC"", ""solar_mw"": 0.0, ""wind_mw"": 98.8, ""renewable_mw"": 98.8, ""distance_m"": 7481.339113294628, ""source_id"": ""plants""}, {""plant_id"": ""56240"", ""name"": ""Buffalo Gap Wind Farm"", ""solar_mw"": 0.0, ""wind_mw"": 120.6, ""renewable_mw"": 120.6, ""distance_m"": 22447.32462797268, ""source_id"": ""plants""}, {""plant_id"": ""56311"", ""name"": ""Sweetwater Wind 3 LLC"", ""solar_mw"": 0.0, ""wind_mw"": 135.0, ""renewable_mw"": 135.0, ""distance_m"": 14517.59968948539, ""source_id"": ""plants""}, {""plant_id"": ""56337"", ""name"": ""Sweetwater Wind 4 LLC"", ""solar_mw"": 0.0, ""wind_mw"": 241.0, ""renewable_mw"": 241.0, ""distance_m"": 23009.698120229823, ""source_id"": ""plants""}, {""plant_id"": ""56372"", ""name"": ""Sweetwater Wind 5"", ""solar_mw"": 0.0, ""wind_mw"": 80.5, ""renewable_mw"": 80.5, ""distance_m"": 22705.712846839077, ""source_id"": ""plants""}, {""plant_id"": ""56484"", ""name"": ""Buffalo Gap 2 Wind Farm"", ""solar_mw"": 0.0, ""wind_mw"": 232.5, ""renewable_mw"": 232.5, ""distance_m"": 11940.479748349178, ""source_id"": ""plants""}, {""plant_id"": ""56638"", ""name"": ""Buffalo Gap 3 Wind Farm"", ""solar_mw"": 0.0, ""wind_mw"": 170.2, ""renewable_mw"": 170.2, ""distance_m"": 19926.96511670017, ""source_id"": ""plants""}, {""plant_id"": ""56649"", ""name"": ""South Trent Wind Farm"", ""solar_mw"": 0.0, ""wind_mw"": 101.2, ""renewable_mw"": 101.2, ""distance_m"": 16226.021439731408, ""source_id"": ""plants""}, {""plant_id"": ""56774"", ""name"": ""Turkey Track Wind Energy LLC"", ""solar_mw"": 0.0, ""wind_mw"": 169.5, ""renewable_mw"": 169.5, ""distance_m"": 18412.52643633814, ""source_id"": ""plants""}, {""plant_id"": ""62587"", ""name"": ""Mesquite Star"", ""solar_mw"": 0.0, ""wind_mw"": 418.9, ""renewable_mw"": 418.9, ""distance_m"": 12120.70653820713, ""source_id"": ""plants""}]",25000,-100.2927578265921,32.362544475968335,0.9638814836980377,0.3855525934792151,0.5974025974025974,0.11948051948051948,1.0,0.15,0.97885,0.2447125,0.8997456129597347,3
TX-294-1517-5000,25.0,5000,Nolan,48353,304303,345.0,100.73367522945773,11.0,0.0,11.0,1877.2,"[{""plant_id"": ""55968"", ""name"": ""Trent Wind Farm"", ""solar_mw"": 0.0, ""wind_mw"": 152.0, ""renewable_mw"": 152.0, ""distance_m"": 5929.835244398054, ""source_id"": ""plants""}, {""plant_id"": ""56211"", ""name"": ""Sweetwater Wind 1 LLC"", ""solar_mw"": 0.0, ""wind_mw"": 37.5, ""renewable_mw"": 37.5, ""distance_m"": 6772.768807311158, ""source_id"": ""plants""}, {""plant_id"": ""56212"", ""name"": ""Sweetwater Wind 2 LLC"", ""solar_mw"": 0.0, ""wind_mw"": 98.8, ""renewable_mw"": 98.8, ""distance_m"": 9889.472796049384, ""source_id"": ""plants""}, {""plant_id"": ""56240"", ""name"": ""Buffalo Gap Wind Farm"", ""solar_mw"": 0.0, ""wind_mw"": 120.6, ""renewable_mw"": 120.6, ""distance_m"": 24205.04745706279, ""source_id"": ""plants""}, {""plant_id"": ""56311"", ""name"": ""Sweetwater Wind 3 LLC"", ""solar_mw"": 0.0, ""wind_mw"": 135.0, ""renewable_mw"": 135.0, ""distance_m"": 17749.61090921391, ""source_id"": ""plants""}, {""plant_id"": ""56337"", ""name"": ""Sweetwater Wind 4 LLC"", ""solar_mw"": 0.0, ""wind_mw"": 241.0, ""renewable_mw"": 241.0, ""distance_m"": 24689.16120404148, ""source_id"": ""plants""}, {""plant_id"": ""56484"", ""name"": ""Buffalo Gap 2 Wind Farm"", ""solar_mw"": 0.0, ""wind_mw"": 232.5, ""renewable_mw"": 232.5, ""distance_m"": 14732.768578129397, ""source_id"": ""plants""}, {""plant_id"": ""56638"", ""name"": ""Buffalo Gap 3 Wind Farm"", ""solar_mw"": 0.0, ""wind_mw"": 170.2, ""renewable_mw"": 170.2, ""distance_m"": 22482.336154860062, ""source_id"": ""plants""}, {""plant_id"": ""56649"", ""name"": ""South Trent Wind Farm"", ""solar_mw"": 0.0, ""wind_mw"": 101.2, ""renewable_mw"": 101.2, ""distance_m"": 15425.953618964742, ""source_id"": ""plants""}, {""plant_id"": ""56774"", ""name"": ""Turkey Track Wind Energy LLC"", ""solar_mw"": 0.0, ""wind_mw"": 169.5, ""renewable_mw"": 169.5, ""distance_m"": 23383.69533920238, ""source_id"": ""plants""}, {""plant_id"": ""62587"", ""name"": ""Mesquite Star"", ""solar_mw"": 0.0, ""wind_mw"": 418.9, ""renewable_mw"": 418.9, ""distance_m"": 17036.667150116125, ""source_id"": ""plants""}]",25000,-100.29289869009234,32.40754428457548,0.9959706529908217,0.3983882611963287,0.5974025974025974,0.11948051948051948,0.9166666666666666,0.13749999999999998,0.9386,0.23465,0.8900187806768481,4
TX-294-1511-5000,25.0,5000,Nolan,48353,304303,345.0,290.8589169596306,10.0,1.0,9.0,2423.2999999999997,"[{""plant_id"": ""56212"", ""name"": ""Sweetwater Wind 2 LLC"", ""solar_mw"": 0.0, ""wind_mw"": 98.8, ""renewable_mw"": 98.8, ""distance_m"": 24429.78200168123, ""source_id"": ""plants""}, {""plant_id"": ""56291"", ""name"": ""Horse Hollow Wind Energy Center"", ""solar_mw"": 0.0, ""wind_mw"": 735.5, ""renewable_mw"": 735.5, ""distance_m"": 23689.05635668342, ""source_id"": ""plants""}, {""plant_id"": ""56311"", ""name"": ""Sweetwater Wind 3 LLC"", ""solar_mw"": 0.0, ""wind_mw"": 135.0, ""renewable_mw"": 135.0, ""distance_m"": 20959.98013649943, ""source_id"": ""plants""}, {""plant_id"": ""56372"", ""name"": ""Sweetwater Wind 5"", ""solar_mw"": 0.0, ""wind_mw"": 80.5, ""renewable_mw"": 80.5, ""distance_m"": 21116.427694357677, ""source_id"": ""plants""}, {""plant_id"": ""56484"", ""name"": ""Buffalo Gap 2 Wind Farm"", ""solar_mw"": 0.0, ""wind_mw"": 232.5, ""renewable_mw"": 232.5, ""distance_m"": 22807.410853510675, ""source_id"": ""plants""}, {""plant_id"": ""56638"", ""name"": ""Buffalo Gap 3 Wind Farm"", ""solar_mw"": 0.0, ""wind_mw"": 170.2, ""renewable_mw"": 170.2, ""distance_m"": 24601.350322136237, ""source_id"": ""plants""}, {""plant_id"": ""56774"", ""name"": ""Turkey Track Wind Energy LLC"", ""solar_mw"": 0.0, ""wind_mw"": 169.5, ""renewable_mw"": 169.5, ""distance_m"": 7081.012641559807, ""source_id"": ""plants""}, {""plant_id"": ""61962"", ""name"": ""Holstein 1 Solar Farm"", ""solar_mw"": 200.0, ""wind_mw"": 0.0, ""renewable_mw"": 200.0, ""distance_m"": 12765.163564424796, ""source_id"": ""plants""}, {""plant_id"": ""62587"", ""name"": ""Mesquite Star"", ""solar_mw"": 0.0, ""wind_mw"": 418.9, ""renewable_mw"": 418.9, ""distance_m"": 13424.94037203863, ""source_id"": ""plants""}, {""plant_id"": ""62836"", ""name"": ""Maryneal Windpower"", ""solar_mw"": 0.0, ""wind_mw"": 182.4, ""renewable_mw"": 182.4, ""distance_m"": 20026.695566117145, ""source_id"": ""plants""}]",25000,-100.29205553657141,32.13754975874064,0.9883656433216148,0.3953462573286459,0.5974025974025974,0.11948051948051948,0.8333333333333334,0.125,1.0,0.25,0.8898267768091654,5
TX-293-1515-5000,25.0,5000,Nolan,48353,304303,345.0,1955.6295466862261,12.0,0.0,12.0,2019.5,"[{""plant_id"": ""55968"", ""name"": ""Trent Wind Farm"", ""solar_mw"": 0.0, ""wind_mw"": 152.0, ""renewable_mw"": 152.0, ""distance_m"": 16242.887490958521, ""source_id"": ""plants""}, {""plant_id"": ""56211"", ""name"": ""Sweetwater Wind 1 LLC"", ""solar_mw"": 0.0, ""wind_mw"": 37.5, ""renewable_mw"": 37.5, ""distance_m"": 4842.19902392657, ""source_id"": ""plants""}, {""plant_id"": ""56212"", ""name"": ""Sweetwater Wind 2 LLC"", ""solar_mw"": 0.0, ""wind_mw"": 98.8, ""renewable_mw"": 98.8, ""distance_m"": 4030.34792047192, ""source_id"": ""plants""}, {""plant_id"": ""56311"", ""name"": ""Sweetwater Wind 3 LLC"", ""solar_mw"": 0.0, ""wind_mw"": 135.0, ""renewable_mw"": 135.0, ""distance_m"": 7736.968819995289, ""source_id"": ""plants""}, {""plant_id"": ""56337"", ""name"": ""Sweetwater Wind 4 LLC"", ""solar_mw"": 0.0, ""wind_mw"": 241.0, ""renewable_mw"": 241.0, ""distance_m"": 17347.54946742083, ""source_id"": ""plants""}, {""plant_id"": ""56372"", ""name"": ""Sweetwater Wind 5"", ""solar_mw"": 0.0, ""wind_mw"": 80.5, ""renewable_mw"": 80.5, ""distance_m"": 15717.101554281879, ""source_id"": ""plants""}, {""plant_id"": ""56484"", ""name"": ""Buffalo Gap 2 Wind Farm"", ""solar_mw"": 0.0, ""wind_mw"": 232.5, ""renewable_mw"": 232.5, ""distance_m"": 15867.142644850928, ""source_id"": ""plants""}, {""plant_id"": ""56638"", ""name"": ""Buffalo Gap 3 Wind Farm"", ""solar_mw"": 0.0, ""wind_mw"": 170.2, ""renewable_mw"": 170.2, ""distance_m"": 23338.87335853405, ""source_id"": ""plants""}, {""plant_id"": ""56649"", ""name"": ""South Trent Wind Farm"", ""solar_mw"": 0.0, ""wind_mw"": 101.2, ""renewable_mw"": 101.2, ""distance_m"": 22756.684621800785, ""source_id"": ""plants""}, {""plant_id"": ""56774"", ""name"": ""Turkey Track Wind Energy LLC"", ""solar_mw"": 0.0, ""wind_mw"": 169.5, ""renewable_mw"": 169.5, ""distance_m"": 15116.01993567652, ""source_id"": ""plants""}, {""plant_id"": ""62587"", ""name"": ""Mesquite Star"", ""solar_mw"": 0.0, ""wind_mw"": 418.9, ""renewable_mw"": 418.9, ""distance_m"": 7235.496903772261, ""source_id"": ""plants""}, {""plant_id"": ""62836"", ""name"": ""Maryneal Windpower"", ""solar_mw"": 0.0, ""wind_mw"": 182.4, ""renewable_mw"": 182.4, ""distance_m"": 18994.292958186958, ""source_id"": ""plants""}]",25000,-100.34581988770253,32.317415206444025,0.9217748181325509,0.3687099272530204,0.5974025974025974,0.11948051948051948,1.0,0.15,1.0,0.25,0.8881904467335399,6
TX-293-1513-5000,25.0,5000,Nolan,48353,304303,345.0,1992.7621105760045,12.0,1.0,11.0,2118.3,"[{""plant_id"": ""55968"", ""name"": ""Trent Wind Farm"", ""solar_mw"": 0.0, ""wind_mw"": 152.0, ""renewable_mw"": 152.0, ""distance_m"": 24772.931996844884, ""source_id"": ""plants""}, {""plant_id"": ""56211"", ""name"": ""Sweetwater Wind 1 LLC"", ""solar_mw"": 0.0, ""wind_mw"": 37.5, ""renewable_mw"": 37.5, ""distance_m"": 14811.252480183706, ""source_id"": ""plants""}, {""plant_id"": ""56212"", ""name"": ""Sweetwater Wind 2 LLC"", ""solar_mw"": 0.0, ""wind_mw"": 98.8, ""renewable_mw"": 98.8, ""distance_m"": 13512.26220322396, ""source_id"": ""plants""}, {""plant_id"": ""56311"", ""name"": ""Sweetwater Wind 3 LLC"", ""solar_mw"": 0.0, ""wind_mw"": 135.0, ""renewable_mw"": 135.0, ""distance_m"": 10064.030661365308, ""source_id"": ""plants""}, {""plant_id"": ""56337"", ""name"": ""Sweetwater Wind 4 LLC"", ""solar_mw"": 0.0, ""wind_mw"": 241.0, ""renewable_mw"": 241.0, ""distance_m"": 19766.651860508253, ""source_id"": ""plants""}, {""plant_id"": ""56372"", ""name"": ""Sweetwater Wind 5"", ""solar_mw"": 0.0, ""wind_mw"": 80.5, ""renewable_mw"": 80.5, ""distance_m"": 13006.49569802639, ""source_id"": ""plants""}, {""plant_id"": ""56484"", ""name"": ""Buffalo Gap 2 Wind Farm"", ""solar_mw"": 0.0, ""wind_mw"": 232.5, ""renewable_mw"": 232.5, ""distance_m"": 18783.16770409312, ""source_id"": ""plants""}, {""plant_id"": ""56638"", ""name"": ""Buffalo Gap 3 Wind Farm"", ""solar_mw"": 0.0, ""wind_mw"": 170.2, ""renewable_mw"": 170.2, ""distance_m"": 24040.79884716407, ""source_id"": ""plants""}, {""plant_id"": ""56774"", ""name"": ""Turkey Track Wind Energy LLC"", ""solar_mw"": 0.0, ""wind_mw"": 169.5, ""renewable_mw"": 169.5, ""distance_m"": 7933.593309478471, ""source_id"": ""plants""}, {""plant_id"": ""61962"", ""name"": ""Holstein 1 Solar Farm"", ""solar_mw"": 200.0, ""wind_mw"": 0.0, ""renewable_mw"": 200.0, ""distance_m"": 22017.794580328413, ""source_id"": ""plants""}, {""plant_id"": ""62587"", ""name"": ""Mesquite Star"", ""solar_mw"": 0.0, ""wind_mw"": 418.9, ""renewable_mw"": 418.9, ""distance_m"": 3959.724011529117, ""source_id"": ""plants""}, {""plant_id"": ""62836"", ""name"": ""Maryneal Windpower"", ""solar_mw"": 0.0, ""wind_mw"": 182.4, ""renewable_mw"": 182.4, ""distance_m"": 14124.031589048955, ""source_id"": ""plants""}]",25000,-100.34548773784901,32.22741723270496,0.9202895155769598,0.36811580623078394,0.5974025974025974,0.11948051948051948,1.0,0.15,1.0,0.25,0.8875963257113034,7
TX-387-1540-5000,25.0,5000,Franklin,48159,305247,345.0,535.0688699940033,10.0,10.0,0.0,2492.9,"[{""plant_id"": ""63194"", ""name"": ""Delilah Solar Energy LLC"", ""solar_mw"": 300.0, ""wind_mw"": 0.0, ""renewable_mw"": 300.0, ""distance_m"": 14466.747190301758, ""source_id"": ""plants""}, {""plant_id"": ""63211"", ""name"": ""Samson Solar Energy"", ""solar_mw"": 250.0, ""wind_mw"": 0.0, ""renewable_mw"": 250.0, ""distance_m"": 15055.55980243667, ""source_id"": ""plants""}, {""plant_id"": ""63222"", ""name"": ""Impact Solar 1"", ""solar_mw"": 198.5, ""wind_mw"": 0.0, ""renewable_mw"": 198.5, ""distance_m"": 14161.796055880948, ""source_id"": ""plants""}, {""plant_id"": ""63882"", ""name"": ""Samson Solar Energy II LLC"", ""solar_mw"": 200.0, ""wind_mw"": 0.0, ""renewable_mw"": 200.0, ""distance_m"": 12225.603009058046, ""source_id"": ""plants""}, {""plant_id"": ""63883"", ""name"": ""Samson Solar Energy III LLC"", ""solar_mw"": 250.0, ""wind_mw"": 0.0, ""renewable_mw"": 250.0, ""distance_m"": 9696.532861904196, ""source_id"": ""plants""}, {""plant_id"": ""63884"", ""name"": ""Delilah Solar Energy II LLC"", ""solar_mw"": 310.0, ""wind_mw"": 0.0, ""renewable_mw"": 310.0, ""distance_m"": 13735.983648075906, ""source_id"": ""plants""}, {""plant_id"": ""64347"", ""name"": ""Mockingbird Solar Center"", ""solar_mw"": 471.0, ""wind_mw"": 0.0, ""renewable_mw"": 471.0, ""distance_m"": 12984.864602872922, ""source_id"": ""plants""}, {""plant_id"": ""67424"", ""name"": ""Hopkins Energy LLC"", ""solar_mw"": 250.0, ""wind_mw"": 0.0, ""renewable_mw"": 250.0, ""distance_m"": 22402.573340427134, ""source_id"": ""plants""}, {""plant_id"": ""67762"", ""name"": ""Stampede Solar Hybrid"", ""solar_mw"": 255.9, ""wind_mw"": 0.0, ""renewable_mw"": 255.9, ""distance_m"": 17736.668899174176, ""source_id"": ""plants""}, {""plant_id"": ""69265"", ""name"": ""Talco Solar Project"", ""solar_mw"": 7.5, ""wind_mw"": 0.0, ""renewable_mw"": 7.5, ""distance_m"": 10974.765095722065, ""source_id"": ""plants""}]",25000,-95.2909353647817,33.35922168129196,0.9785972452002398,0.39143889808009596,0.5974025974025974,0.11948051948051948,0.8333333333333334,0.125,1.0,0.25,0.8859194175606154,8
TX-256-1487-5000,25.0,5000,Crockett,48105,304174,345.0,2107.3949536074842,16.0,11.0,5.0,2636.7,"[{""plant_id"": ""55581"", ""name"": ""King Mountain Wind Ranch 1"", ""solar_mw"": 0.0, ""wind_mw"": 278.0, ""renewable_mw"": 278.0, ""distance_m"": 19460.73505968387, ""source_id"": ""plants""}, {""plant_id"": ""55747"", ""name"": ""NWP Indian Mesa Wind Farm"", ""solar_mw"": 0.0, ""wind_mw"": 82.5, ""renewable_mw"": 82.5, ""distance_m"": 14148.939036879743, ""source_id"": ""plants""}, {""plant_id"": ""55795"", ""name"": ""Woodward Mountain II"", ""solar_mw"": 0.0, ""wind_mw"": 78.0, ""renewable_mw"": 78.0, ""distance_m"": 15726.668681239431, ""source_id"": ""plants""}, {""plant_id"": ""55796"", ""name"": ""Woodward Mountain I"", ""solar_mw"": 0.0, ""wind_mw"": 82.0, ""renewable_mw"": 82.0, ""distance_m"": 15726.668681239431, ""source_id"": ""plants""}, {""plant_id"": ""55992"", ""name"": ""Desert Sky"", ""solar_mw"": 0.0, ""wind_mw"": 167.7, ""renewable_mw"": 167.7, ""distance_m"": 22991.93139225056, ""source_id"": ""plants""}, {""plant_id"": ""59206"", ""name"": ""Alamo 6"", ""solar_mw"": 105.0, ""wind_mw"": 0.0, ""renewable_mw"": 105.0, ""distance_m"": 5100.84214071535, ""source_id"": ""plants""}, {""plant_id"": ""60123"", ""name"": ""Castle Gap Solar Hybrid"", ""solar_mw"": 180.0, ""wind_mw"": 0.0, ""renewable_mw"": 180.0, ""distance_m"": 24166.77257700144, ""source_id"": ""plants""}, {""plant_id"": ""60436"", ""name"": ""East Pecos Solar"", ""solar_mw"": 118.5, ""wind_mw"": 0.0, ""renewable_mw"": 118.5, ""distance_m"": 4094.0376153201814, ""source_id"": ""plants""}, {""plant_id"": ""60581"", ""name"": ""Upton County Solar"", ""solar_mw"": 150.0, ""wind_mw"": 0.0, ""renewable_mw"": 150.0, ""distance_m"": 22686.908524550727, ""source_id"": ""plants""}, {""plant_id"": ""60682"", ""name"": ""Pearl Solar"", ""solar_mw"": 50.0, ""wind_mw"": 0.0, ""renewable_mw"": 50.0, ""distance_m"": 5721.245313411276, ""source_id"": ""plants""}, {""plant_id"": ""61346"", ""name"": ""RE Maplewood"", ""solar_mw"": 250.0, ""wind_mw"": 0.0, ""renewable_mw"": 250.0, ""distance_m"": 7208.0341716798775, ""source_id"": ""plants""}, {""plant_id"": ""61368"", ""name"": ""Midway Solar - TX"", ""solar_mw"": 182.0, ""wind_mw"": 0.0, ""renewable_mw"": 182.0, ""distance_m"": 7375.280310510604, ""source_id"": ""plants""}, {""plant_id"": ""62561"", ""name"": ""Roadrunner, LLC Hybrid"", ""solar_mw"": 400.0, ""wind_mw"": 0.0, ""renewable_mw"": 400.0, ""distance_m"": 21973.54605095541, ""source_id"": ""plants""}, {""plant_id"": ""62804"", ""name"": ""Greasewood Solar"", ""solar_mw"": 255.0, ""wind_mw"": 0.0, ""renewable_mw"": 255.0, ""distance_m"": 19537.3484097825, ""source_id"": ""plants""}, {""plant_id"": ""63233"", ""name"": ""Emerald Grove"", ""solar_mw"": 108.0, ""wind_mw"": 0.0, ""renewable_mw"": 108.0, ""distance_m"": 9542.011723360447, ""source_id"": ""plants""}, {""plant_id"": ""63519"", ""name"": ""Crane Solar Project"", ""solar_mw"": 150.0, ""wind_mw"": 0.0, ""renewable_mw"": 150.0, ""distance_m"": 24222.82088855728, ""source_id"": ""plants""}]",25000,-102.28328024869174,31.037707821227006,0.9157042018557007,0.3662816807422803,0.5974025974025974,0.11948051948051948,1.0,0.15,1.0,0.25,0.8857622002227997,9
TX-256-1488-5000,25.0,5000,Crockett,48105,304174,345.0,2202.6541176690585,15.0,11.0,4.0,2469.0,"[{""plant_id"": ""55581"", ""name"": ""King Mountain Wind Ranch 1"", ""solar_mw"": 0.0, ""wind_mw"": 278.0, ""renewable_mw"": 278.0, ""distance_m"": 14629.700283788654, ""source_id"": ""plants""}, {""plant_id"": ""55747"", ""name"": ""NWP Indian Mesa Wind Farm"", ""solar_mw"": 0.0, ""wind_mw"": 82.5, ""renewable_mw"": 82.5, ""distance_m"": 18568.427178776055, ""source_id"": ""plants""}, {""plant_id"": ""55795"", ""name"": ""Woodward Mountain II"", ""solar_mw"": 0.0, ""wind_mw"": 78.0, ""renewable_mw"": 78.0, ""distance_m"": 19119.445758716756, ""source_id"": ""plants""}, {""plant_id"": ""55796"", ""name"": ""Woodward Mountain I"", ""solar_mw"": 0.0, ""wind_mw"": 82.0, ""renewable_mw"": 82.0, ""distance_m"": 19119.445758716756, ""source_id"": ""plants""}, {""plant_id"": ""59206"", ""name"": ""Alamo 6"", ""solar_mw"": 105.0, ""wind_mw"": 0.0, ""renewable_mw"": 105.0, ""distance_m"": 10043.028676501139, ""source_id"": ""plants""}, {""plant_id"": ""60123"", ""name"": ""Castle Gap Solar Hybrid"", ""solar_mw"": 180.0, ""wind_mw"": 0.0, ""renewable_mw"": 180.0, ""distance_m"": 19180.084811631627, ""source_id"": ""plants""}, {""plant_id"": ""60436"", ""name"": ""East Pecos Solar"", ""solar_mw"": 118.5, ""wind_mw"": 0.0, ""renewable_mw"": 118.5, ""distance_m"": 9093.779678543262, ""source_id"": ""plants""}, {""plant_id"": ""60581"", ""name"": ""Upton County Solar"", ""solar_mw"": 150.0, ""wind_mw"": 0.0, ""renewable_mw"": 150.0, ""distance_m"": 17687.14911589039, ""source_id"": ""plants""}, {""plant_id"": ""60682"", ""name"": ""Pearl Solar"", ""solar_mw"": 50.0, ""wind_mw"": 0.0, ""renewable_mw"": 50.0, ""distance_m"": 10649.871545304686, ""source_id"": ""plants""}, {""plant_id"": ""61346"", ""name"": ""RE Maplewood"", ""solar_mw"": 250.0, ""wind_mw"": 0.0, ""renewable_mw"": 250.0, ""distance_m"": 12053.707841455831, ""source_id"": ""plants""}, {""plant_id"": ""61368"", ""name"": ""Midway Solar - TX"", ""solar_mw"": 182.0, ""wind_mw"": 0.0, ""renewable_mw"": 182.0, ""distance_m"": 11288.7376587007, ""source_id"": ""plants""}, {""plant_id"": ""62561"", ""name"": ""Roadrunner, LLC Hybrid"", ""solar_mw"": 400.0, ""wind_mw"": 0.0, ""renewable_mw"": 400.0, ""distance_m"": 17541.58529328752, ""source_id"": ""plants""}, {""plant_id"": ""62804"", ""name"": ""Greasewood Solar"", ""solar_mw"": 255.0, ""wind_mw"": 0.0, ""renewable_mw"": 255.0, ""distance_m"": 20247.35641935366, ""source_id"": ""plants""}, {""plant_id"": ""63233"", ""name"": ""Emerald Grove"", ""solar_mw"": 108.0, ""wind_mw"": 0.0, ""renewable_mw"": 108.0, ""distance_m"": 7263.669678276893, ""source_id"": ""plants""}, {""plant_id"": ""63519"", ""name"": ""Crane Solar Project"", ""solar_mw"": 150.0, ""wind_mw"": 0.0, ""renewable_mw"": 150.0, ""distance_m"": 19248.827064566824, ""source_id"": ""plants""}]",25000,-102.28436345145775,31.082700292022967,0.9118938352932376,0.36475753411729506,0.5974025974025974,0.11948051948051948,1.0,0.15,1.0,0.25,0.8842380535978145,10
TX-380-1449-5000,25.0,5000,Fort Bend,48157,307442,345.0,845.9874160239951,11.0,10.0,1.0,1923.7,"[{""plant_id"": ""61875"", ""name"": ""Cascade Solar (TX)"", ""solar_mw"": 10.0, ""wind_mw"": 0.0, ""renewable_mw"": 10.0, ""distance_m"": 18654.34489830475, ""source_id"": ""plants""}, {""plant_id"": ""62945"", ""name"": ""Fighting Jays Solar Project"", ""solar_mw"": 227.5, ""wind_mw"": 0.0, ""renewable_mw"": 227.5, ""distance_m"": 13407.238960138784, ""source_id"": ""plants""}, {""plant_id"": ""63273"", ""name"": ""Wagyu"", ""solar_mw"": 120.0, ""wind_mw"": 0.0, ""renewable_mw"": 120.0, ""distance_m"": 19140.192691961718, ""source_id"": ""plants""}, {""plant_id"": ""64133"", ""name"": ""Old 300 Solar Center, LLC"", ""solar_mw"": 430.0, ""wind_mw"": 0.0, ""renewable_mw"": 430.0, ""distance_m"": 6508.784667184878, ""source_id"": ""plants""}, {""plant_id"": ""64447"", ""name"": ""Brazoria West"", ""solar_mw"": 200.0, ""wind_mw"": 0.0, ""renewable_mw"": 200.0, ""distance_m"": 20694.992252832973, ""source_id"": ""plants""}, {""plant_id"": ""65981"", ""name"": ""Second Division Solar"", ""solar_mw"": 100.0, ""wind_mw"": 0.0, ""renewable_mw"": 100.0, ""distance_m"": 16063.919516020385, ""source_id"": ""plants""}, {""plant_id"": ""66046"", ""name"": ""Brazoria County Solar Project (Danciger)"", ""solar_mw"": 200.0, ""wind_mw"": 0.0, ""renewable_mw"": 200.0, ""distance_m"": 14220.852024928894, ""source_id"": ""plants""}, {""plant_id"": ""66262"", ""name"": ""Cutlass Solar II"", ""solar_mw"": 202.8, ""wind_mw"": 0.0, ""renewable_mw"": 202.8, ""distance_m"": 14079.980745871242, ""source_id"": ""plants""}, {""plant_id"": ""66310"", ""name"": ""Cutlass Solar 1 LLC"", ""solar_mw"": 110.9, ""wind_mw"": 0.0, ""renewable_mw"": 110.9, ""distance_m"": 18376.74633118714, ""source_id"": ""plants""}, {""plant_id"": ""67443"", ""name"": ""Lane City Wind"", ""solar_mw"": 0.0, ""wind_mw"": 202.5, ""renewable_mw"": 202.5, ""distance_m"": 18995.02733349587, ""source_id"": ""plants""}, {""plant_id"": ""68998"", ""name"": ""Long Point Solar"", ""solar_mw"": 120.0, ""wind_mw"": 0.0, ""renewable_mw"": 120.0, ""distance_m"": 17408.098416068413, ""source_id"": ""plants""}]",25000,-95.85078520561093,29.27926136971764,0.9661605033590402,0.38646420134361614,0.5974025974025974,0.11948051948051948,0.9166666666666666,0.13749999999999998,0.96185,0.2404625,0.8839072208241356,11
TX-388-1538-5000,25.0,5000,Franklin,48159,305247,345.0,809.7843710503333,10.0,10.0,0.0,2594.4,"[{""plant_id"": ""63194"", ""name"": ""Delilah Solar Energy LLC"", ""solar_mw"": 300.0, ""wind_mw"": 0.0, ""renewable_mw"": 300.0, ""distance_m"": 7521.4965763340715, ""source_id"": ""plants""}, {""plant_id"": ""63211"", ""name"": ""Samson Solar Energy"", ""solar_mw"": 250.0, ""wind_mw"": 0.0, ""renewable_mw"": 250.0, ""distance_m"": 4853.085891037247, ""source_id"": ""plants""}, {""plant_id"": ""63882"", ""name"": ""Samson Solar Energy II LLC"", ""solar_mw"": 200.0, ""wind_mw"": 0.0, ""renewable_mw"": 200.0, ""distance_m"": 23402.260158124864, ""source_id"": ""plants""}, {""plant_id"": ""63883"", ""name"": ""Samson Solar Energy III LLC"", ""solar_mw"": 250.0, ""wind_mw"": 0.0, ""renewable_mw"": 250.0, ""distance_m"": 20688.54739892123, ""source_id"": ""plants""}, {""plant_id"": ""63884"", ""name"": ""Delilah Solar Energy II LLC"", ""solar_mw"": 310.0, ""wind_mw"": 0.0, ""renewable_mw"": 310.0, ""distance_m"": 23928.350389285704, ""source_id"": ""plants""}, {""plant_id"": ""64347"", ""name"": ""Mockingbird Solar Center"", ""solar_mw"": 471.0, ""wind_mw"": 0.0, ""renewable_mw"": 471.0, ""distance_m"": 21938.882217515747, ""source_id"": ""plants""}, {""plant_id"": ""67424"", ""name"": ""Hopkins Energy LLC"", ""solar_mw"": 250.0, ""wind_mw"": 0.0, ""renewable_mw"": 250.0, ""distance_m"": 21238.540382979547, ""source_id"": ""plants""}, {""plant_id"": ""67762"", ""name"": ""Stampede Solar Hybrid"", ""solar_mw"": 255.9, ""wind_mw"": 0.0, ""renewable_mw"": 255.9, ""distance_m"": 10282.070139516378, ""source_id"": ""plants""}, {""plant_id"": ""68906"", ""name"": ""Pine Forest Solar I"", ""solar_mw"": 300.0, ""wind_mw"": 0.0, ""renewable_mw"": 300.0, ""distance_m"": 23210.01086866715, ""source_id"": ""plants""}, {""plant_id"": ""69265"", ""name"": ""Talco Solar Project"", ""solar_mw"": 7.5, ""wind_mw"": 0.0, ""renewable_mw"": 7.5, ""distance_m"": 11325.644435738242, ""source_id"": ""plants""}]",25000,-95.24180798405409,33.26735323722596,0.9676086251579866,0.3870434500631947,0.5974025974025974,0.11948051948051948,0.8333333333333334,0.125,1.0,0.25,0.8815239695437141,12
TX-290-1517-5000,25.0,5000,Nolan,48353,303996,345.0,846.1651163351298,11.0,0.0,11.0,1876.6,"[{""plant_id"": ""56211"", ""name"": ""Sweetwater Wind 1 LLC"", ""solar_mw"": 0.0, ""wind_mw"": 37.5, ""renewable_mw"": 37.5, ""distance_m"": 16506.699822183426, ""source_id"": ""plants""}, {""plant_id"": ""56212"", ""name"": ""Sweetwater Wind 2 LLC"", ""solar_mw"": 0.0, ""wind_mw"": 98.8, ""renewable_mw"": 98.8, ""distance_m"": 14360.351629898098, ""source_id"": ""plants""}, {""plant_id"": ""56311"", ""name"": ""Sweetwater Wind 3 LLC"", ""solar_mw"": 0.0, ""wind_mw"": 135.0, ""renewable_mw"": 135.0, ""distance_m"": 15119.542892414902, ""source_id"": ""plants""}, {""plant_id"": ""56337"", ""name"": ""Sweetwater Wind 4 LLC"", ""solar_mw"": 0.0, ""wind_mw"": 241.0, ""renewable_mw"": 241.0, ""distance_m"": 10768.176921899238, ""source_id"": ""plants""}, {""plant_id"": ""56372"", ""name"": ""Sweetwater Wind 5"", ""solar_mw"": 0.0, ""wind_mw"": 80.5, ""renewable_mw"": 80.5, ""distance_m"": 19002.810706134434, ""source_id"": ""plants""}, {""plant_id"": ""56592"", ""name"": ""Champion Wind Farm LLC"", ""solar_mw"": 0.0, ""wind_mw"": 126.5, ""renewable_mw"": 126.5, ""distance_m"": 13384.589853244908, ""source_id"": ""plants""}, {""plant_id"": ""56593"", ""name"": ""Roscoe Wind Farm LLC"", ""solar_mw"": 0.0, ""wind_mw"": 209.0, ""renewable_mw"": 209.0, ""distance_m"": 16586.95309358288, ""source_id"": ""plants""}, {""plant_id"": ""56984"", ""name"": ""Inadale Wind Farm LLC Hybrid"", ""solar_mw"": 0.0, ""wind_mw"": 197.0, ""renewable_mw"": 197.0, ""distance_m"": 12163.785973700209, ""source_id"": ""plants""}, {""plant_id"": ""57303"", ""name"": ""Loraine Windpark Project LLC"", ""solar_mw"": 0.0, ""wind_mw"": 150.0, ""renewable_mw"": 150.0, ""distance_m"": 22644.583419800852, ""source_id"": ""plants""}, {""plant_id"": ""62587"", ""name"": ""Mesquite Star"", ""solar_mw"": 0.0, ""wind_mw"": 418.9, ""renewable_mw"": 418.9, ""distance_m"": 24194.164251209942, ""source_id"": ""plants""}, {""plant_id"": ""62836"", ""name"": ""Maryneal Windpower"", ""solar_mw"": 0.0, ""wind_mw"": 182.4, ""renewable_mw"": 182.4, ""distance_m"": 23096.59218947732, ""source_id"": ""plants""}]",25000,-100.50591357671554,32.40689471744297,0.9661533953465948,0.38646135813863797,0.5974025974025974,0.11948051948051948,0.9166666666666666,0.13749999999999998,0.9382999999999999,0.23457499999999998,0.8780168776191574,13
TX-294-1515-5000,25.0,5000,Nolan,48353,304680,345.0,2661.3619428577404,14.0,0.0,14.0,2875.6,"[{""plant_id"": ""55968"", ""name"": ""Trent Wind Farm"", ""solar_mw"": 0.0, ""wind_mw"": 152.0, ""renewable_mw"": 152.0, ""distance_m"": 13602.562688775584, ""source_id"": ""plants""}, {""plant_id"": ""56211"", ""name"": ""Sweetwater Wind 1 LLC"", ""solar_mw"": 0.0, ""wind_mw"": 37.5, ""renewable_mw"": 37.5, ""distance_m"": 6465.037197241759, ""source_id"": ""plants""}, {""plant_id"": ""56212"", ""name"": ""Sweetwater Wind 2 LLC"", ""solar_mw"": 0.0, ""wind_mw"": 98.8, ""renewable_mw"": 98.8, ""distance_m"": 8008.695129196972, ""source_id"": ""plants""}, {""plant_id"": ""56240"", ""name"": ""Buffalo Gap Wind Farm"", ""solar_mw"": 0.0, ""wind_mw"": 120.6, ""renewable_mw"": 120.6, ""distance_m"": 21722.80929135355, ""source_id"": ""plants""}, {""plant_id"": ""56291"", ""name"": ""Horse Hollow Wind Energy Center"", ""solar_mw"": 0.0, ""wind_mw"": 735.5, ""renewable_mw"": 735.5, ""distance_m"": 24953.39342730011, ""source_id"": ""plants""}, {""plant_id"": ""56311"", ""name"": ""Sweetwater Wind 3 LLC"", ""solar_mw"": 0.0, ""wind_mw"": 135.0, ""renewable_mw"": 135.0, ""distance_m"": 12508.905390153335, ""source_id"": ""plants""}, {""plant_id"": ""56337"", ""name"": ""Sweetwater Wind 4 LLC"", ""solar_mw"": 0.0, ""wind_mw"": 241.0, ""renewable_mw"": 241.0, ""distance_m"": 22345.86615481863, ""source_id"": ""plants""}, {""plant_id"": ""56372"", ""name"": ""Sweetwater Wind 5"", ""solar_mw"": 0.0, ""wind_mw"": 80.5, ""renewable_mw"": 80.5, ""distance_m"": 20040.46457596973, ""source_id"": ""plants""}, {""plant_id"": ""56484"", ""name"": ""Buffalo Gap 2 Wind Farm"", ""solar_mw"": 0.0, ""wind_mw"": 232.5, ""renewable_mw"": 232.5, ""distance_m"": 10867.181937593423, ""source_id"": ""plants""}, {""plant_id"": ""56638"", ""name"": ""Buffalo Gap 3 Wind Farm"", ""solar_mw"": 0.0, ""wind_mw"": 170.2, ""renewable_mw"": 170.2, ""distance_m"": 18404.14188557138, ""source_id"": ""plants""}, {""plant_id"": ""56649"", ""name"": ""South Trent Wind Farm"", ""solar_mw"": 0.0, ""wind_mw"": 101.2, ""renewable_mw"": 101.2, ""distance_m"": 18401.29067404771, ""source_id"": ""plants""}, {""plant_id"": ""56774"", ""name"": ""Turkey Track Wind Energy LLC"", ""solar_mw"": 0.0, ""wind_mw"": 169.5, ""renewable_mw"": 169.5, ""distance_m"": 13462.728245829916, ""source_id"": ""plants""}, {""plant_id"": ""62587"", ""name"": ""Mesquite Star"", ""solar_mw"": 0.0, ""wind_mw"": 418.9, ""renewable_mw"": 418.9, ""distance_m"": 7319.496320569346, ""source_id"": ""plants""}, {""plant_id"": ""62836"", ""name"": ""Maryneal Windpower"", ""solar_mw"": 0.0, ""wind_mw"": 182.4, ""renewable_mw"": 182.4, ""distance_m"": 22883.582075450773, ""source_id"": ""plants""}]",25000,-100.29261709851711,32.31754499345754,0.8935455222856904,0.35741820891427617,0.5974025974025974,0.11948051948051948,1.0,0.15,1.0,0.25,0.8768987283947957,14
TX-293-1514-5000,25.0,5000,Nolan,48353,304303,345.0,1267.2256059330573,11.0,0.0,11.0,1918.3,"[{""plant_id"": ""55968"", ""name"": ""Trent Wind Farm"", ""solar_mw"": 0.0, ""wind_mw"": 152.0, ""renewable_mw"": 152.0, ""distance_m"": 20341.208835320453, ""source_id"": ""plants""}, {""plant_id"": ""56211"", ""name"": ""Sweetwater Wind 1 LLC"", ""solar_mw"": 0.0, ""wind_mw"": 37.5, ""renewable_mw"": 37.5, ""distance_m"": 9818.861731867482, ""source_id"": ""plants""}, {""plant_id"": ""56212"", ""name"": ""Sweetwater Wind 2 LLC"", ""solar_mw"": 0.0, ""wind_mw"": 98.8, ""renewable_mw"": 98.8, ""distance_m"": 8626.266116018192, ""source_id"": ""plants""}, {""plant_id"": ""56311"", ""name"": ""Sweetwater Wind 3 LLC"", ""solar_mw"": 0.0, ""wind_mw"": 135.0, ""renewable_mw"": 135.0, ""distance_m"": 7454.709909663835, ""source_id"": ""plants""}, {""plant_id"": ""56337"", ""name"": ""Sweetwater Wind 4 LLC"", ""solar_mw"": 0.0, ""wind_mw"": 241.0, ""renewable_mw"": 241.0, ""distance_m"": 17911.700063075354, ""source_id"": ""plants""}, {""plant_id"": ""56372"", ""name"": ""Sweetwater Wind 5"", ""solar_mw"": 0.0, ""wind_mw"": 80.5, ""renewable_mw"": 80.5, ""distance_m"": 13531.374867514181, ""source_id"": ""plants""}, {""plant_id"": ""56484"", ""name"": ""Buffalo Gap 2 Wind Farm"", ""solar_mw"": 0.0, ""wind_mw"": 232.5, ""renewable_mw"": 232.5, ""distance_m"": 16651.930889721676, ""source_id"": ""plants""}, {""plant_id"": ""56638"", ""name"": ""Buffalo Gap 3 Wind Farm"", ""solar_mw"": 0.0, ""wind_mw"": 170.2, ""renewable_mw"": 170.2, ""distance_m"": 23158.832212090227, ""source_id"": ""plants""}, {""plant_id"": ""56774"", ""name"": ""Turkey Track Wind Energy LLC"", ""solar_mw"": 0.0, ""wind_mw"": 169.5, ""renewable_mw"": 169.5, ""distance_m"": 10987.173464908334, ""source_id"": ""plants""}, {""plant_id"": ""62587"", ""name"": ""Mesquite Star"", ""solar_mw"": 0.0, ""wind_mw"": 418.9, ""renewable_mw"": 418.9, ""distance_m"": 3002.651302763794, ""source_id"": ""plants""}, {""plant_id"": ""62836"", ""name"": ""Maryneal Windpower"", ""solar_mw"": 0.0, ""wind_mw"": 182.4, ""renewable_mw"": 182.4, ""distance_m"": 15972.96831070987, ""source_id"": ""plants""}]",25000,-100.34565373298265,32.27241608489034,0.9493109757626778,0.3797243903050711,0.5974025974025974,0.11948051948051948,0.9166666666666666,0.13749999999999998,0.95915,0.2397875,0.8764924097855906,15
TX-294-1513-5000,25.0,5000,Nolan,48353,304680,345.0,2985.746439616057,14.0,1.0,13.0,2974.4,"[{""plant_id"": ""55968"", ""name"": ""Trent Wind Farm"", ""solar_mw"": 0.0, ""wind_mw"": 152.0, ""renewable_mw"": 152.0, ""distance_m"": 23127.829067563474, ""source_id"": ""plants""}, {""plant_id"": ""56211"", ""name"": ""Sweetwater Wind 1 LLC"", ""solar_mw"": 0.0, ""wind_mw"": 37.5, ""renewable_mw"": 37.5, ""distance_m"": 15418.268858926807, ""source_id"": ""plants""}, {""plant_id"": ""56212"", ""name"": ""Sweetwater Wind 2 LLC"", ""solar_mw"": 0.0, ""wind_mw"": 98.8, ""renewable_mw"": 98.8, ""distance_m"": 15181.459849469213, ""source_id"": ""plants""}, {""plant_id"": ""56240"", ""name"": ""Buffalo Gap Wind Farm"", ""solar_mw"": 0.0, ""wind_mw"": 120.6, ""renewable_mw"": 120.6, ""distance_m"": 23619.41075933882, ""source_id"": ""plants""}, {""plant_id"": ""56291"", ""name"": ""Horse Hollow Wind Energy Center"", ""solar_mw"": 0.0, ""wind_mw"": 735.5, ""renewable_mw"": 735.5, ""distance_m"": 22179.306060016257, ""source_id"": ""plants""}, {""plant_id"": ""56311"", ""name"": ""Sweetwater Wind 3 LLC"", ""solar_mw"": 0.0, ""wind_mw"": 135.0, ""renewable_mw"": 135.0, ""distance_m"": 14067.577641197822, ""source_id"": ""plants""}, {""plant_id"": ""56337"", ""name"": ""Sweetwater Wind 4 LLC"", ""solar_mw"": 0.0, ""wind_mw"": 241.0, ""renewable_mw"": 241.0, ""distance_m"": 24271.810551728322, ""source_id"": ""plants""}, {""plant_id"": ""56372"", ""name"": ""Sweetwater Wind 5"", ""solar_mw"": 0.0, ""wind_mw"": 80.5, ""renewable_mw"": 80.5, ""distance_m"": 17993.384047917913, ""source_id"": ""plants""}, {""plant_id"": ""56484"", ""name"": ""Buffalo Gap 2 Wind Farm"", ""solar_mw"": 0.0, ""wind_mw"": 232.5, ""renewable_mw"": 232.5, ""distance_m"": 14803.27046813631, ""source_id"": ""plants""}, {""plant_id"": ""56638"", ""name"": ""Buffalo Gap 3 Wind Farm"", ""solar_mw"": 0.0, ""wind_mw"": 170.2, ""renewable_mw"": 170.2, ""distance_m"": 19286.50922557936, ""source_id"": ""plants""}, {""plant_id"": ""56774"", ""name"": ""Turkey Track Wind Energy LLC"", ""solar_mw"": 0.0, ""wind_mw"": 169.5, ""renewable_mw"": 169.5, ""distance_m"": 3961.4259964687253, ""source_id"": ""plants""}, {""plant_id"": ""61962"", ""name"": ""Holstein 1 Solar Farm"", ""solar_mw"": 200.0, ""wind_mw"": 0.0, ""renewable_mw"": 200.0, ""distance_m"": 18377.444596530724, ""source_id"": ""plants""}, {""plant_id"": ""62587"", ""name"": ""Mesquite Star"", ""solar_mw"": 0.0, ""wind_mw"": 418.9, ""renewable_mw"": 418.9, ""distance_m"": 4111.207266705299, ""source_id"": ""plants""}, {""plant_id"": ""62836"", ""name"": ""Maryneal Windpower"", ""solar_mw"": 0.0, ""wind_mw"": 182.4, ""renewable_mw"": 182.4, ""distance_m"": 19035.84597413296, ""source_id"": ""plants""}]",25000,-100.29233604786249,32.227546893508276,0.8805701424153577,0.3522280569661431,0.5974025974025974,0.11948051948051948,1.0,0.15,1.0,0.25,0.8717085764466626,16
TX-289-1517-5000,25.0,5000,Nolan,48353,303997,345.0,74.48813115259738,11.0,0.0,11.0,1706.7,"[{""plant_id"": ""56211"", ""name"": ""Sweetwater Wind 1 LLC"", ""solar_mw"": 0.0, ""wind_mw"": 37.5, ""renewable_mw"": 37.5, ""distance_m"": 21310.122581657437, ""source_id"": ""plants""}, {""plant_id"": ""56212"", ""name"": ""Sweetwater Wind 2 LLC"", ""solar_mw"": 0.0, ""wind_mw"": 98.8, ""renewable_mw"": 98.8, ""distance_m"": 18929.453389412647, ""source_id"": ""plants""}, {""plant_id"": ""56311"", ""name"": ""Sweetwater Wind 3 LLC"", ""solar_mw"": 0.0, ""wind_mw"": 135.0, ""renewable_mw"": 135.0, ""distance_m"": 18220.552948177676, ""source_id"": ""plants""}, {""plant_id"": ""56337"", ""name"": ""Sweetwater Wind 4 LLC"", ""solar_mw"": 0.0, ""wind_mw"": 241.0, ""renewable_mw"": 241.0, ""distance_m"": 10842.20330637954, ""source_id"": ""plants""}, {""plant_id"": ""56372"", ""name"": ""Sweetwater Wind 5"", ""solar_mw"": 0.0, ""wind_mw"": 80.5, ""renewable_mw"": 80.5, ""distance_m"": 20162.189255636145, ""source_id"": ""plants""}, {""plant_id"": ""56592"", ""name"": ""Champion Wind Farm LLC"", ""solar_mw"": 0.0, ""wind_mw"": 126.5, ""renewable_mw"": 126.5, ""distance_m"": 8402.052486396107, ""source_id"": ""plants""}, {""plant_id"": ""56593"", ""name"": ""Roscoe Wind Farm LLC"", ""solar_mw"": 0.0, ""wind_mw"": 209.0, ""renewable_mw"": 209.0, ""distance_m"": 12242.009003404339, ""source_id"": ""plants""}, {""plant_id"": ""56981"", ""name"": ""Pyron Wind Farm LLC Hybrid"", ""solar_mw"": 0.0, ""wind_mw"": 249.0, ""renewable_mw"": 249.0, ""distance_m"": 22851.193214239123, ""source_id"": ""plants""}, {""plant_id"": ""56984"", ""name"": ""Inadale Wind Farm LLC Hybrid"", ""solar_mw"": 0.0, ""wind_mw"": 197.0, ""renewable_mw"": 197.0, ""distance_m"": 10208.052210329564, ""source_id"": ""plants""}, {""plant_id"": ""57303"", ""name"": ""Loraine Windpark Project LLC"", ""solar_mw"": 0.0, ""wind_mw"": 150.0, ""renewable_mw"": 150.0, ""distance_m"": 17722.72179686196, ""source_id"": ""plants""}, {""plant_id"": ""62836"", ""name"": ""Maryneal Windpower"", ""solar_mw"": 0.0, ""wind_mw"": 182.4, ""renewable_mw"": 182.4, ""distance_m"": 23886.762173734714, ""source_id"": ""plants""}]",25000,-100.55916677439288,32.40667819608442,0.9970204747538961,0.3988081899015585,0.5974025974025974,0.11948051948051948,0.9166666666666666,0.13749999999999998,0.85335,0.2133375,0.869126209382078,17
TX-386-1537-5000,25.0,5000,Hopkins,48223,305808,345.0,70.09576238776198,8.0,8.0,0.0,2084.4,"[{""plant_id"": ""63194"", ""name"": ""Delilah Solar Energy LLC"", ""solar_mw"": 300.0, ""wind_mw"": 0.0, ""renewable_mw"": 300.0, ""distance_m"": 18640.268519091907, ""source_id"": ""plants""}, {""plant_id"": ""63211"", ""name"": ""Samson Solar Energy"", ""solar_mw"": 250.0, ""wind_mw"": 0.0, ""renewable_mw"": 250.0, ""distance_m"": 14962.54163018084, ""source_id"": ""plants""}, {""plant_id"": ""63883"", ""name"": ""Samson Solar Energy III LLC"", ""solar_mw"": 250.0, ""wind_mw"": 0.0, ""renewable_mw"": 250.0, ""distance_m"": 22254.935003421022, ""source_id"": ""plants""}, {""plant_id"": ""64347"", ""name"": ""Mockingbird Solar Center"", ""solar_mw"": 471.0, ""wind_mw"": 0.0, ""renewable_mw"": 471.0, ""distance_m"": 19616.295432393224, ""source_id"": ""plants""}, {""plant_id"": ""67424"", ""name"": ""Hopkins Energy LLC"", ""solar_mw"": 250.0, ""wind_mw"": 0.0, ""renewable_mw"": 250.0, ""distance_m"": 10344.070271017199, ""source_id"": ""plants""}, {""plant_id"": ""67762"", ""name"": ""Stampede Solar Hybrid"", ""solar_mw"": 255.9, ""wind_mw"": 0.0, ""renewable_mw"": 255.9, ""distance_m"": 4080.3877999950078, ""source_id"": ""plants""}, {""plant_id"": ""68906"", ""name"": ""Pine Forest Solar I"", ""solar_mw"": 300.0, ""wind_mw"": 0.0, ""renewable_mw"": 300.0, ""distance_m"": 14442.57432561777, ""source_id"": ""plants""}, {""plant_id"": ""69265"", ""name"": ""Talco Solar Project"", ""solar_mw"": 7.5, ""wind_mw"": 0.0, ""renewable_mw"": 7.5, ""distance_m"": 21653.911237032145, ""source_id"": ""plants""}]",25000,-95.3514666263652,33.2262065882317,0.9971961695044895,0.3988784678017958,0.5974025974025974,0.11948051948051948,0.6666666666666666,0.09999999999999999,1.0,0.25,0.8683589872823153,18
TX-388-1539-5000,25.0,5000,Franklin,48159,305247,345.0,1765.054872279062,10.0,10.0,0.0,2492.9,"[{""plant_id"": ""63194"", ""name"": ""Delilah Solar Energy LLC"", ""solar_mw"": 300.0, ""wind_mw"": 0.0, ""renewable_mw"": 300.0, ""distance_m"": 7712.400159011193, ""source_id"": ""plants""}, {""plant_id"": ""63211"", ""name"": ""Samson Solar Energy"", ""solar_mw"": 250.0, ""wind_mw"": 0.0, ""renewable_mw"": 250.0, ""distance_m"": 8045.7675899535925, ""source_id"": ""plants""}, {""plant_id"": ""63222"", ""name"": ""Impact Solar 1"", ""solar_mw"": 198.5, ""wind_mw"": 0.0, ""renewable_mw"": 198.5, ""distance_m"": 21146.485033545676, ""source_id"": ""plants""}, {""plant_id"": ""63882"", ""name"": ""Samson Solar Energy II LLC"", ""solar_mw"": 200.0, ""wind_mw"": 0.0, ""renewable_mw"": 200.0, ""distance_m"": 19113.52796668501, ""source_id"": ""plants""}, {""plant_id"": ""63883"", ""name"": ""Samson Solar Energy III LLC"", ""solar_mw"": 250.0, ""wind_mw"": 0.0, ""renewable_mw"": 250.0, ""distance_m"": 16762.024585276824, ""source_id"": ""plants""}, {""plant_id"": ""63884"", ""name"": ""Delilah Solar Energy II LLC"", ""solar_mw"": 310.0, ""wind_mw"": 0.0, ""renewable_mw"": 310.0, ""distance_m"": 18998.837107568812, ""source_id"": ""plants""}, {""plant_id"": ""64347"", ""name"": ""Mockingbird Solar Center"", ""solar_mw"": 471.0, ""wind_mw"": 0.0, ""renewable_mw"": 471.0, ""distance_m"": 19378.712974989172, ""source_id"": ""plants""}, {""plant_id"": ""67424"", ""name"": ""Hopkins Energy LLC"", ""solar_mw"": 250.0, ""wind_mw"": 0.0, ""renewable_mw"": 250.0, ""distance_m"": 23242.431822735343, ""source_id"": ""plants""}, {""plant_id"": ""67762"", ""name"": ""Stampede Solar Hybrid"", ""solar_mw"": 255.9, ""wind_mw"": 0.0, ""renewable_mw"": 255.9, ""distance_m"": 14390.365861195152, ""source_id"": ""plants""}, {""plant_id"": ""69265"", ""name"": ""Talco Solar Project"", ""solar_mw"": 7.5, ""wind_mw"": 0.0, ""renewable_mw"": 7.5, ""distance_m"": 7550.893370858393, ""source_id"": ""plants""}]",25000,-95.23949687692574,33.312324231084695,0.9293978051088375,0.371759122043535,0.5974025974025974,0.11948051948051948,0.8333333333333334,0.125,1.0,0.25,0.8662396415240545,19
TX-296-1511-5000,25.0,5000,Nolan,48353,304680,345.0,287.9252380497296,8.0,1.0,7.0,2161.2,"[{""plant_id"": ""56240"", ""name"": ""Buffalo Gap Wind Farm"", ""solar_mw"": 0.0, ""wind_mw"": 120.6, ""renewable_mw"": 120.6, ""distance_m"": 22575.257538220583, ""source_id"": ""plants""}, {""plant_id"": ""56270"", ""name"": ""Callahan Divide Wind Energy Center"", ""solar_mw"": 0.0, ""wind_mw"": 114.0, ""renewable_mw"": 114.0, ""distance_m"": 24070.550141177326, ""source_id"": ""plants""}, {""plant_id"": ""56291"", ""name"": ""Horse Hollow Wind Energy Center"", ""solar_mw"": 0.0, ""wind_mw"": 735.5, ""renewable_mw"": 735.5, ""distance_m"": 14786.899108819778, ""source_id"": ""plants""}, {""plant_id"": ""56484"", ""name"": ""Buffalo Gap 2 Wind Farm"", ""solar_mw"": 0.0, ""wind_mw"": 232.5, ""renewable_mw"": 232.5, ""distance_m"": 20070.795822444514, ""source_id"": ""plants""}, {""plant_id"": ""56638"", ""name"": ""Buffalo Gap 3 Wind Farm"", ""solar_mw"": 0.0, ""wind_mw"": 170.2, ""renewable_mw"": 170.2, ""distance_m"": 18526.88034909217, ""source_id"": ""plants""}, {""plant_id"": ""56774"", ""name"": ""Turkey Track Wind Energy LLC"", ""solar_mw"": 0.0, ""wind_mw"": 169.5, ""renewable_mw"": 169.5, ""distance_m"": 10278.264750458762, ""source_id"": ""plants""}, {""plant_id"": ""61962"", ""name"": ""Holstein 1 Solar Farm"", ""solar_mw"": 200.0, ""wind_mw"": 0.0, ""renewable_mw"": 200.0, ""distance_m"": 4340.942784759126, ""source_id"": ""plants""}, {""plant_id"": ""62587"", ""name"": ""Mesquite Star"", ""solar_mw"": 0.0, ""wind_mw"": 418.9, ""renewable_mw"": 418.9, ""distance_m"": 18239.35979900208, ""source_id"": ""plants""}]",25000,-100.18585377995772,32.1377440618191,0.9884829904780108,0.39539319619120433,0.5974025974025974,0.11948051948051948,0.6666666666666666,0.09999999999999999,1.0,0.25,0.8648737156717238,20
TX-387-1537-5000,25.0,5000,Franklin,48159,305808,345.0,339.8346758253066,8.0,8.0,0.0,2084.4,"[{""plant_id"": ""63194"", ""name"": ""Delilah Solar Energy LLC"", ""solar_mw"": 300.0, ""wind_mw"": 0.0, ""renewable_mw"": 300.0, ""distance_m"": 14161.996959234655, ""source_id"": ""plants""}, {""plant_id"": ""63211"", ""name"": ""Samson Solar Energy"", ""solar_mw"": 250.0, ""wind_mw"": 0.0, ""renewable_mw"": 250.0, ""distance_m"": 10155.002738919293, ""source_id"": ""plants""}, {""plant_id"": ""63883"", ""name"": ""Samson Solar Energy III LLC"", ""solar_mw"": 250.0, ""wind_mw"": 0.0, ""renewable_mw"": 250.0, ""distance_m"": 23133.835077261727, ""source_id"": ""plants""}, {""plant_id"": ""64347"", ""name"": ""Mockingbird Solar Center"", ""solar_mw"": 471.0, ""wind_mw"": 0.0, ""renewable_mw"": 471.0, ""distance_m"": 22044.20145788882, ""source_id"": ""plants""}, {""plant_id"": ""67424"", ""name"": ""Hopkins Energy LLC"", ""solar_mw"": 250.0, ""wind_mw"": 0.0, ""renewable_mw"": 250.0, ""distance_m"": 15312.418945681755, ""source_id"": ""plants""}, {""plant_id"": ""67762"", ""name"": ""Stampede Solar Hybrid"", ""solar_mw"": 255.9, ""wind_mw"": 0.0, ""renewable_mw"": 255.9, ""distance_m"": 3241.0544339123608, ""source_id"": ""plants""}, {""plant_id"": ""68906"", ""name"": ""Pine Forest Solar I"", ""solar_mw"": 300.0, ""wind_mw"": 0.0, ""renewable_mw"": 300.0, ""distance_m"": 16301.726412887629, ""source_id"": ""plants""}, {""plant_id"": ""69265"", ""name"": ""Talco Solar Project"", ""solar_mw"": 7.5, ""wind_mw"": 0.0, ""renewable_mw"": 7.5, ""distance_m"": 18281.36106711876, ""source_id"": ""plants""}]",25000,-95.29779063145493,33.22430575124076,0.9864066129669877,0.3945626451867951,0.5974025974025974,0.11948051948051948,0.6666666666666666,0.09999999999999999,1.0,0.25,0.8640431646673146,21
TX-347-1383-5000,25.0,5000,Willacy,48489,304519,345.0,1930.9449329649883,10.0,0.0,10.0,2114.8,"[{""plant_id"": ""57751"", ""name"": ""Los Vientos Wind 1A"", ""solar_mw"": 0.0, ""wind_mw"": 200.0, ""renewable_mw"": 200.0, ""distance_m"": 4237.54199114537, ""source_id"": ""plants""}, {""plant_id"": ""57752"", ""name"": ""Los Vientos Wind 1B"", ""solar_mw"": 0.0, ""wind_mw"": 201.6, ""renewable_mw"": 201.6, ""distance_m"": 4283.272085349164, ""source_id"": ""plants""}, {""plant_id"": ""57802"", ""name"": ""Magic Valley Wind Farm I LLC"", ""solar_mw"": 0.0, ""wind_mw"": 203.0, ""renewable_mw"": 203.0, ""distance_m"": 15683.878661305016, ""source_id"": ""plants""}, {""plant_id"": ""59066"", ""name"": ""Bruennings Breeze Wind Farm"", ""solar_mw"": 0.0, ""wind_mw"": 228.0, ""renewable_mw"": 228.0, ""distance_m"": 20500.196378559584, ""source_id"": ""plants""}, {""plant_id"": ""59118"", ""name"": ""Cameron Wind 1 LLC"", ""solar_mw"": 0.0, ""wind_mw"": 165.0, ""renewable_mw"": 165.0, ""distance_m"": 23058.04358942642, ""source_id"": ""plants""}, {""plant_id"": ""61773"", ""name"": ""Palmas Wind, LLC"", ""solar_mw"": 0.0, ""wind_mw"": 144.9, ""renewable_mw"": 144.9, ""distance_m"": 14294.792715103746, ""source_id"": ""plants""}, {""plant_id"": ""62909"", ""name"": ""Raymond Wind Farm, LLC"", ""solar_mw"": 0.0, ""wind_mw"": 200.2, ""renewable_mw"": 200.2, ""distance_m"": 15750.355463941674, ""source_id"": ""plants""}, {""plant_id"": ""63624"", ""name"": ""La Chalupa, LLC"", ""solar_mw"": 0.0, ""wind_mw"": 198.5, ""renewable_mw"": 198.5, ""distance_m"": 15542.044951072075, ""source_id"": ""plants""}, {""plant_id"": ""63739"", ""name"": ""Las Majadas Wind Farm"", ""solar_mw"": 0.0, ""wind_mw"": 272.6, ""renewable_mw"": 272.6, ""distance_m"": 8102.725739312763, ""source_id"": ""plants""}, {""plant_id"": ""65760"", ""name"": ""El Sauz Ranch Wind, LLC"", ""solar_mw"": 0.0, ""wind_mw"": 301.0, ""renewable_mw"": 301.0, ""distance_m"": 17193.276510484102, ""source_id"": ""plants""}]",25000,-97.62399776454164,26.347133295361928,0.9227622026814004,0.3691048810725602,0.5974025974025974,0.11948051948051948,0.8333333333333334,0.125,1.0,0.25,0.8635854005530796,22
TX-295-1511-5000,25.0,5000,Nolan,48353,304680,345.0,433.4000428669175,8.0,1.0,7.0,2244.0,"[{""plant_id"": ""56291"", ""name"": ""Horse Hollow Wind Energy Center"", ""solar_mw"": 0.0, ""wind_mw"": 735.5, ""renewable_mw"": 735.5, ""distance_m"": 19102.667043171467, ""source_id"": ""plants""}, {""plant_id"": ""56311"", ""name"": ""Sweetwater Wind 3 LLC"", ""solar_mw"": 0.0, ""wind_mw"": 135.0, ""renewable_mw"": 135.0, ""distance_m"": 24206.048724661334, ""source_id"": ""plants""}, {""plant_id"": ""56484"", ""name"": ""Buffalo Gap 2 Wind Farm"", ""solar_mw"": 0.0, ""wind_mw"": 232.5, ""renewable_mw"": 232.5, ""distance_m"": 20892.759927629148, ""source_id"": ""plants""}, {""plant_id"": ""56638"", ""name"": ""Buffalo Gap 3 Wind Farm"", ""solar_mw"": 0.0, ""wind_mw"": 170.2, ""renewable_mw"": 170.2, ""distance_m"": 21195.184985534455, ""source_id"": ""plants""}, {""plant_id"": ""56774"", ""name"": ""Turkey Track Wind Energy LLC"", ""solar_mw"": 0.0, ""wind_mw"": 169.5, ""renewable_mw"": 169.5, ""distance_m"": 7272.670290562227, ""source_id"": ""plants""}, {""plant_id"": ""61962"", ""name"": ""Holstein 1 Solar Farm"", ""solar_mw"": 200.0, ""wind_mw"": 0.0, ""renewable_mw"": 200.0, ""distance_m"": 8117.671620824246, ""source_id"": ""plants""}, {""plant_id"": ""62587"", ""name"": ""Mesquite Star"", ""solar_mw"": 0.0, ""wind_mw"": 418.9, ""renewable_mw"": 418.9, ""distance_m"": 15213.534597033096, ""source_id"": ""plants""}, {""plant_id"": ""62836"", ""name"": ""Maryneal Windpower"", ""solar_mw"": 0.0, ""wind_mw"": 182.4, ""renewable_mw"": 182.4, ""distance_m"": 24777.887297354417, ""source_id"": ""plants""}]",25000,-100.23895471326828,32.13765770484523,0.9826639982853232,0.3930655993141293,0.5974025974025974,0.11948051948051948,0.6666666666666666,0.09999999999999999,1.0,0.25,0.8625461187946488,23
TX-291-1517-5000,25.0,5000,Nolan,48353,303996,345.0,1842.0760384524924,11.0,0.0,11.0,1878.6,"[{""plant_id"": ""55968"", ""name"": ""Trent Wind Farm"", ""solar_mw"": 0.0, ""wind_mw"": 152.0, ""renewable_mw"": 152.0, ""distance_m"": 20532.12100712702, ""source_id"": ""plants""}, {""plant_id"": ""56211"", ""name"": ""Sweetwater Wind 1 LLC"", ""solar_mw"": 0.0, ""wind_mw"": 37.5, ""renewable_mw"": 37.5, ""distance_m"": 11866.800478396632, ""source_id"": ""plants""}, {""plant_id"": ""56212"", ""name"": ""Sweetwater Wind 2 LLC"", ""solar_mw"": 0.0, ""wind_mw"": 98.8, ""renewable_mw"": 98.8, ""distance_m"": 10203.68522871457, ""source_id"": ""plants""}, {""plant_id"": ""56311"", ""name"": ""Sweetwater Wind 3 LLC"", ""solar_mw"": 0.0, ""wind_mw"": 135.0, ""renewable_mw"": 135.0, ""distance_m"": 13236.78982283098, ""source_id"": ""plants""}, {""plant_id"": ""56337"", ""name"": ""Sweetwater Wind 4 LLC"", ""solar_mw"": 0.0, ""wind_mw"": 241.0, ""renewable_mw"": 241.0, ""distance_m"": 12820.058342526341, ""source_id"": ""plants""}, {""plant_id"": ""56372"", ""name"": ""Sweetwater Wind 5"", ""solar_mw"": 0.0, ""wind_mw"": 80.5, ""renewable_mw"": 80.5, ""distance_m"": 19123.277801837874, ""source_id"": ""plants""}, {""plant_id"": ""56592"", ""name"": ""Champion Wind Farm LLC"", ""solar_mw"": 0.0, ""wind_mw"": 126.5, ""renewable_mw"": 126.5, ""distance_m"": 18376.615713863586, ""source_id"": ""plants""}, {""plant_id"": ""56593"", ""name"": ""Roscoe Wind Farm LLC"", ""solar_mw"": 0.0, ""wind_mw"": 209.0, ""renewable_mw"": 209.0, ""distance_m"": 21222.32884058685, ""source_id"": ""plants""}, {""plant_id"": ""56984"", ""name"": ""Inadale Wind Farm LLC Hybrid"", ""solar_mw"": 0.0, ""wind_mw"": 197.0, ""renewable_mw"": 197.0, ""distance_m"": 15547.059159183693, ""source_id"": ""plants""}, {""plant_id"": ""62587"", ""name"": ""Mesquite Star"", ""solar_mw"": 0.0, ""wind_mw"": 418.9, ""renewable_mw"": 418.9, ""distance_m"": 20894.501543632363, ""source_id"": ""plants""}, {""plant_id"": ""62836"", ""name"": ""Maryneal Windpower"", ""solar_mw"": 0.0, ""wind_mw"": 182.4, ""renewable_mw"": 182.4, ""distance_m"": 23373.65470758662, ""source_id"": ""plants""}]",25000,-100.45266014479066,32.40708958710126,0.9263169584619003,0.37052678338476014,0.5974025974025974,0.11948051948051948,0.9166666666666666,0.13749999999999998,0.9392999999999999,0.23482499999999998,0.8623323028652795,24
TX-294-1514-5000,25.0,5000,Nolan,48353,304680,345.0,3601.2811502753225,15.0,1.0,14.0,3075.6,"[{""plant_id"": ""55968"", ""name"": ""Trent Wind Farm"", ""solar_mw"": 0.0, ""wind_mw"": 152.0, ""renewable_mw"": 152.0, ""distance_m"": 18301.997009623068, ""source_id"": ""plants""}, {""plant_id"": ""56211"", ""name"": ""Sweetwater Wind 1 LLC"", ""solar_mw"": 0.0, ""wind_mw"": 37.5, ""renewable_mw"": 37.5, ""distance_m"": 10712.602871568417, ""source_id"": ""plants""}, {""plant_id"": ""56212"", ""name"": ""Sweetwater Wind 2 LLC"", ""solar_mw"": 0.0, ""wind_mw"": 98.8, ""renewable_mw"": 98.8, ""distance_m"": 11059.292943797744, ""source_id"": ""plants""}, {""plant_id"": ""56240"", ""name"": ""Buffalo Gap Wind Farm"", ""solar_mw"": 0.0, ""wind_mw"": 120.6, ""renewable_mw"": 120.6, ""distance_m"": 22133.199137572574, ""source_id"": ""plants""}, {""plant_id"": ""56291"", ""name"": ""Horse Hollow Wind Energy Center"", ""solar_mw"": 0.0, ""wind_mw"": 735.5, ""renewable_mw"": 735.5, ""distance_m"": 23071.556740297114, ""source_id"": ""plants""}, {""plant_id"": ""56311"", ""name"": ""Sweetwater Wind 3 LLC"", ""solar_mw"": 0.0, ""wind_mw"": 135.0, ""renewable_mw"": 135.0, ""distance_m"": 12336.317415479713, ""source_id"": ""plants""}, {""plant_id"": ""56337"", ""name"": ""Sweetwater Wind 4 LLC"", ""solar_mw"": 0.0, ""wind_mw"": 241.0, ""renewable_mw"": 241.0, ""distance_m"": 22786.602661082004, ""source_id"": ""plants""}, {""plant_id"": ""56372"", ""name"": ""Sweetwater Wind 5"", ""solar_mw"": 0.0, ""wind_mw"": 80.5, ""renewable_mw"": 80.5, ""distance_m"": 18376.371920438545, ""source_id"": ""plants""}, {""plant_id"": ""56484"", ""name"": ""Buffalo Gap 2 Wind Farm"", ""solar_mw"": 0.0, ""wind_mw"": 232.5, ""renewable_mw"": 232.5, ""distance_m"": 11983.998911414199, ""source_id"": ""plants""}, {""plant_id"": ""56638"", ""name"": ""Buffalo Gap 3 Wind Farm"", ""solar_mw"": 0.0, ""wind_mw"": 170.2, ""renewable_mw"": 170.2, ""distance_m"": 18175.283720654825, ""source_id"": ""plants""}, {""plant_id"": ""56649"", ""name"": ""South Trent Wind Farm"", ""solar_mw"": 0.0, ""wind_mw"": 101.2, ""renewable_mw"": 101.2, ""distance_m"": 21539.06277392234, ""source_id"": ""plants""}, {""plant_id"": ""56774"", ""name"": ""Turkey Track Wind Energy LLC"", ""solar_mw"": 0.0, ""wind_mw"": 169.5, ""renewable_mw"": 169.5, ""distance_m"": 8571.404428288426, ""source_id"": ""plants""}, {""plant_id"": ""61962"", ""name"": ""Holstein 1 Solar Farm"", ""solar_mw"": 200.0, ""wind_mw"": 0.0, ""renewable_mw"": 200.0, ""distance_m"": 22363.38535272724, ""source_id"": ""plants""}, {""plant_id"": ""62587"", ""name"": ""Mesquite Star"", ""solar_mw"": 0.0, ""wind_mw"": 418.9, ""renewable_mw"": 418.9, ""distance_m"": 3199.769646133815, ""source_id"": ""plants""}, {""plant_id"": ""62836"", ""name"": ""Maryneal Windpower"", ""solar_mw"": 0.0, ""wind_mw"": 182.4, ""renewable_mw"": 182.4, ""distance_m"": 20445.31438441099, ""source_id"": ""plants""}]",25000,-100.2924765056722,32.27254580872771,0.8559487539889871,0.3423795015955948,0.5974025974025974,0.11948051948051948,1.0,0.15,1.0,0.25,0.8618600210761143,25
TX-386-1542-5000,25.0,5000,Lamar,48277,305247,345.0,1161.9525086251072,9.0,9.0,0.0,1987.0,"[{""plant_id"": ""61810"", ""name"": ""Chisum"", ""solar_mw"": 10.0, ""wind_mw"": 0.0, ""renewable_mw"": 10.0, ""distance_m"": 20732.69567159948, ""source_id"": ""plants""}, {""plant_id"": ""63194"", ""name"": ""Delilah Solar Energy LLC"", ""solar_mw"": 300.0, ""wind_mw"": 0.0, ""renewable_mw"": 300.0, ""distance_m"": 24738.646644236673, ""source_id"": ""plants""}, {""plant_id"": ""63222"", ""name"": ""Impact Solar 1"", ""solar_mw"": 198.5, ""wind_mw"": 0.0, ""renewable_mw"": 198.5, ""distance_m"": 3401.7523658813907, ""source_id"": ""plants""}, {""plant_id"": ""63882"", ""name"": ""Samson Solar Energy II LLC"", ""solar_mw"": 200.0, ""wind_mw"": 0.0, ""renewable_mw"": 200.0, ""distance_m"": 1124.7032326885137, ""source_id"": ""plants""}, {""plant_id"": ""63883"", ""name"": ""Samson Solar Energy III LLC"", ""solar_mw"": 250.0, ""wind_mw"": 0.0, ""renewable_mw"": 250.0, ""distance_m"": 3166.9394699876148, ""source_id"": ""plants""}, {""plant_id"": ""63884"", ""name"": ""Delilah Solar Energy II LLC"", ""solar_mw"": 310.0, ""wind_mw"": 0.0, ""renewable_mw"": 310.0, ""distance_m"": 7401.928208783722, ""source_id"": ""plants""}, {""plant_id"": ""64347"", ""name"": ""Mockingbird Solar Center"", ""solar_mw"": 471.0, ""wind_mw"": 0.0, ""renewable_mw"": 471.0, ""distance_m"": 10290.71739753141, ""source_id"": ""plants""}, {""plant_id"": ""66471"", ""name"": ""Eiffel Solar Project"", ""solar_mw"": 240.0, ""wind_mw"": 0.0, ""renewable_mw"": 240.0, ""distance_m"": 23764.255230845618, ""source_id"": ""plants""}, {""plant_id"": ""69265"", ""name"": ""Talco Solar Project"", ""solar_mw"": 7.5, ""wind_mw"": 0.0, ""renewable_mw"": 7.5, ""distance_m"": 19042.602656354255, ""source_id"": ""plants""}]",25000,-95.34016031201037,33.45107586479726,0.9535218996549957,0.3814087598619983,0.5974025974025974,0.11948051948051948,0.75,0.11249999999999999,0.9935,0.248375,0.8617642793425178,26
TX-386-1541-5000,25.0,5000,Lamar,48277,305247,345.0,2083.622411752074,10.0,10.0,0.0,2492.9,"[{""plant_id"": ""63194"", ""name"": ""Delilah Solar Energy LLC"", ""solar_mw"": 300.0, ""wind_mw"": 0.0, ""renewable_mw"": 300.0, ""distance_m"": 21426.442362732356, ""source_id"": ""plants""}, {""plant_id"": ""63211"", ""name"": ""Samson Solar Energy"", ""solar_mw"": 250.0, ""wind_mw"": 0.0, ""renewable_mw"": 250.0, ""distance_m"": 22104.42005160837, ""source_id"": ""plants""}, {""plant_id"": ""63222"", ""name"": ""Impact Solar 1"", ""solar_mw"": 198.5, ""wind_mw"": 0.0, ""renewable_mw"": 198.5, ""distance_m"": 7344.324732932157, ""source_id"": ""plants""}, {""plant_id"": ""63882"", ""name"": ""Samson Solar Energy II LLC"", ""solar_mw"": 200.0, ""wind_mw"": 0.0, ""renewable_mw"": 200.0, ""distance_m"": 5796.877309114653, ""source_id"": ""plants""}, {""plant_id"": ""63883"", ""name"": ""Samson Solar Energy III LLC"", ""solar_mw"": 250.0, ""wind_mw"": 0.0, ""renewable_mw"": 250.0, ""distance_m"": 2660.8327430620616, ""source_id"": ""plants""}, {""plant_id"": ""63884"", ""name"": ""Delilah Solar Energy II LLC"", ""solar_mw"": 310.0, ""wind_mw"": 0.0, ""renewable_mw"": 310.0, ""distance_m"": 10788.82209142795, ""source_id"": ""plants""}, {""plant_id"": ""64347"", ""name"": ""Mockingbird Solar Center"", ""solar_mw"": 471.0, ""wind_mw"": 0.0, ""renewable_mw"": 471.0, ""distance_m"": 7853.591595115625, ""source_id"": ""plants""}, {""plant_id"": ""67424"", ""name"": ""Hopkins Energy LLC"", ""solar_mw"": 250.0, ""wind_mw"": 0.0, ""renewable_mw"": 250.0, ""distance_m"": 23738.996345926935, ""source_id"": ""plants""}, {""plant_id"": ""67762"", ""name"": ""Stampede Solar Hybrid"", ""solar_mw"": 255.9, ""wind_mw"": 0.0, ""renewable_mw"": 255.9, ""distance_m"": 22849.424886828423, ""source_id"": ""plants""}, {""plant_id"": ""69265"", ""name"": ""Talco Solar Project"", ""solar_mw"": 7.5, ""wind_mw"": 0.0, ""renewable_mw"": 7.5, ""distance_m"": 16848.588876059785, ""source_id"": ""plants""}]",25000,-95.34242597007953,33.406100157015764,0.9166551035299171,0.36666204141196684,0.5974025974025974,0.11948051948051948,0.8333333333333334,0.125,1.0,0.25,0.8611425608924863,27
TX-294-1512-5000,25.0,5000,Nolan,48353,304680,345.0,3048.824344617385,11.0,1.0,10.0,2460.7999999999997,"[{""plant_id"": ""56211"", ""name"": ""Sweetwater Wind 1 LLC"", ""solar_mw"": 0.0, ""wind_mw"": 37.5, ""renewable_mw"": 37.5, ""distance_m"": 20265.393382028597, ""source_id"": ""plants""}, {""plant_id"": ""56212"", ""name"": ""Sweetwater Wind 2 LLC"", ""solar_mw"": 0.0, ""wind_mw"": 98.8, ""renewable_mw"": 98.8, ""distance_m"": 19714.09358569034, ""source_id"": ""plants""}, {""plant_id"": ""56291"", ""name"": ""Horse Hollow Wind Energy Center"", ""solar_mw"": 0.0, ""wind_mw"": 735.5, ""renewable_mw"": 735.5, ""distance_m"": 22395.233961425776, ""source_id"": ""plants""}, {""plant_id"": ""56311"", ""name"": ""Sweetwater Wind 3 LLC"", ""solar_mw"": 0.0, ""wind_mw"": 135.0, ""renewable_mw"": 135.0, ""distance_m"": 17135.015436432783, ""source_id"": ""plants""}, {""plant_id"": ""56372"", ""name"": ""Sweetwater Wind 5"", ""solar_mw"": 0.0, ""wind_mw"": 80.5, ""renewable_mw"": 80.5, ""distance_m"": 18969.256549307654, ""source_id"": ""plants""}, {""plant_id"": ""56484"", ""name"": ""Buffalo Gap 2 Wind Farm"", ""solar_mw"": 0.0, ""wind_mw"": 232.5, ""renewable_mw"": 232.5, ""distance_m"": 18564.950934403692, ""source_id"": ""plants""}, {""plant_id"": ""56638"", ""name"": ""Buffalo Gap 3 Wind Farm"", ""solar_mw"": 0.0, ""wind_mw"": 170.2, ""renewable_mw"": 170.2, ""distance_m"": 21531.324573523463, ""source_id"": ""plants""}, {""plant_id"": ""56774"", ""name"": ""Turkey Track Wind Energy LLC"", ""solar_mw"": 0.0, ""wind_mw"": 169.5, ""renewable_mw"": 169.5, ""distance_m"": 2813.6840579059362, ""source_id"": ""plants""}, {""plant_id"": ""61962"", ""name"": ""Holstein 1 Solar Farm"", ""solar_mw"": 200.0, ""wind_mw"": 0.0, ""renewable_mw"": 200.0, ""distance_m"": 15011.326902127517, ""source_id"": ""plants""}, {""plant_id"": ""62587"", ""name"": ""Mesquite Star"", ""solar_mw"": 0.0, ""wind_mw"": 418.9, ""renewable_mw"": 418.9, ""distance_m"": 8577.034720187485, ""source_id"": ""plants""}, {""plant_id"": ""62836"", ""name"": ""Maryneal Windpower"", ""solar_mw"": 0.0, ""wind_mw"": 182.4, ""renewable_mw"": 182.4, ""distance_m"": 18886.926261952343, ""source_id"": ""plants""}]",25000,-100.2921957248936,32.18254821957319,0.8780470262153046,0.35121881048612186,0.5974025974025974,0.11948051948051948,0.9166666666666666,0.13749999999999998,1.0,0.25,0.8581993299666413,28
TX-380-1450-5000,25.0,5000,Fort Bend,48157,306629,345.0,2517.588200110188,11.0,10.0,1.0,1923.7,"[{""plant_id"": ""61875"", ""name"": ""Cascade Solar (TX)"", ""solar_mw"": 10.0, ""wind_mw"": 0.0, ""renewable_mw"": 10.0, ""distance_m"": 21473.651956736794, ""source_id"": ""plants""}, {""plant_id"": ""62945"", ""name"": ""Fighting Jays Solar Project"", ""solar_mw"": 227.5, ""wind_mw"": 0.0, ""renewable_mw"": 227.5, ""distance_m"": 10634.566994588042, ""source_id"": ""plants""}, {""plant_id"": ""63273"", ""name"": ""Wagyu"", ""solar_mw"": 120.0, ""wind_mw"": 0.0, ""renewable_mw"": 120.0, ""distance_m"": 20619.70581610884, ""source_id"": ""plants""}, {""plant_id"": ""64133"", ""name"": ""Old 300 Solar Center, LLC"", ""solar_mw"": 430.0, ""wind_mw"": 0.0, ""renewable_mw"": 430.0, ""distance_m"": 2493.313388927462, ""source_id"": ""plants""}, {""plant_id"": ""64447"", ""name"": ""Brazoria West"", ""solar_mw"": 200.0, ""wind_mw"": 0.0, ""renewable_mw"": 200.0, ""distance_m"": 23328.05017242824, ""source_id"": ""plants""}, {""plant_id"": ""65981"", ""name"": ""Second Division Solar"", ""solar_mw"": 100.0, ""wind_mw"": 0.0, ""renewable_mw"": 100.0, ""distance_m"": 19990.380360888426, ""source_id"": ""plants""}, {""plant_id"": ""66046"", ""name"": ""Brazoria County Solar Project (Danciger)"", ""solar_mw"": 200.0, ""wind_mw"": 0.0, ""renewable_mw"": 200.0, ""distance_m"": 18340.44892929458, ""source_id"": ""plants""}, {""plant_id"": ""66262"", ""name"": ""Cutlass Solar II"", ""solar_mw"": 202.8, ""wind_mw"": 0.0, ""renewable_mw"": 202.8, ""distance_m"": 9889.648860584752, ""source_id"": ""plants""}, {""plant_id"": ""66310"", ""name"": ""Cutlass Solar 1 LLC"", ""solar_mw"": 110.9, ""wind_mw"": 0.0, ""renewable_mw"": 110.9, ""distance_m"": 14619.759788030444, ""source_id"": ""plants""}, {""plant_id"": ""67443"", ""name"": ""Lane City Wind"", ""solar_mw"": 0.0, ""wind_mw"": 202.5, ""renewable_mw"": 202.5, ""distance_m"": 21663.532704346155, ""source_id"": ""plants""}, {""plant_id"": ""68998"", ""name"": ""Long Point Solar"", ""solar_mw"": 120.0, ""wind_mw"": 0.0, ""renewable_mw"": 120.0, ""distance_m"": 18991.164523672098, ""source_id"": ""plants""}]",25000,-95.84885292215989,29.324270708696847,0.8992964719955925,0.35971858879823704,0.5974025974025974,0.11948051948051948,0.9166666666666666,0.13749999999999998,0.96185,0.2404625,0.8571616082787565,29
TX-383-1544-5000,25.0,5000,Lamar,48277,305247,345.0,1352.9108341561816,9.0,9.0,0.0,1974.5,"[{""plant_id"": ""61810"", ""name"": ""Chisum"", ""solar_mw"": 10.0, ""wind_mw"": 0.0, ""renewable_mw"": 10.0, ""distance_m"": 13759.258906694564, ""source_id"": ""plants""}, {""plant_id"": ""63222"", ""name"": ""Impact Solar 1"", ""solar_mw"": 198.5, ""wind_mw"": 0.0, ""renewable_mw"": 198.5, ""distance_m"": 14631.712837051597, ""source_id"": ""plants""}, {""plant_id"": ""63882"", ""name"": ""Samson Solar Energy II LLC"", ""solar_mw"": 200.0, ""wind_mw"": 0.0, ""renewable_mw"": 200.0, ""distance_m"": 16912.097425879674, ""source_id"": ""plants""}, {""plant_id"": ""63883"", ""name"": ""Samson Solar Energy III LLC"", ""solar_mw"": 250.0, ""wind_mw"": 0.0, ""renewable_mw"": 250.0, ""distance_m"": 18607.844445830928, ""source_id"": ""plants""}, {""plant_id"": ""63884"", ""name"": ""Delilah Solar Energy II LLC"", ""solar_mw"": 310.0, ""wind_mw"": 0.0, ""renewable_mw"": 310.0, ""distance_m"": 22350.90575662, ""source_id"": ""plants""}, {""plant_id"": ""64347"", ""name"": ""Mockingbird Solar Center"", ""solar_mw"": 471.0, ""wind_mw"": 0.0, ""renewable_mw"": 471.0, ""distance_m"": 18463.354990538868, ""source_id"": ""plants""}, {""plant_id"": ""66471"", ""name"": ""Eiffel Solar Project"", ""solar_mw"": 240.0, ""wind_mw"": 0.0, ""renewable_mw"": 240.0, ""distance_m"": 6381.47862136484, ""source_id"": ""plants""}, {""plant_id"": ""66872"", ""name"": ""Estonian Solar Project, LLC"", ""solar_mw"": 204.5, ""wind_mw"": 0.0, ""renewable_mw"": 204.5, ""distance_m"": 18697.967533504925, ""source_id"": ""plants""}, {""plant_id"": ""68856"", ""name"": ""Tyson Nick"", ""solar_mw"": 90.5, ""wind_mw"": 0.0, ""renewable_mw"": 90.5, ""distance_m"": 16247.078168412661, ""source_id"": ""plants""}]",25000,-95.49721106000327,33.546621751286885,0.9458835666337527,0.37835342665350113,0.5974025974025974,0.11948051948051948,0.75,0.11249999999999999,0.98725,0.2468125,0.8571464461340206,30
TX-348-1384-5000,25.0,5000,Willacy,48489,304519,345.0,2610.451271120132,10.0,0.0,10.0,2114.8,"[{""plant_id"": ""57751"", ""name"": ""Los Vientos Wind 1A"", ""solar_mw"": 0.0, ""wind_mw"": 200.0, ""renewable_mw"": 200.0, ""distance_m"": 6827.209437172833, ""source_id"": ""plants""}, {""plant_id"": ""57752"", ""name"": ""Los Vientos Wind 1B"", ""solar_mw"": 0.0, ""wind_mw"": 201.6, ""renewable_mw"": 201.6, ""distance_m"": 10492.84559516405, ""source_id"": ""plants""}, {""plant_id"": ""57802"", ""name"": ""Magic Valley Wind Farm I LLC"", ""solar_mw"": 0.0, ""wind_mw"": 203.0, ""renewable_mw"": 203.0, ""distance_m"": 15022.715618344004, ""source_id"": ""plants""}, {""plant_id"": ""59066"", ""name"": ""Bruennings Breeze Wind Farm"", ""solar_mw"": 0.0, ""wind_mw"": 228.0, ""renewable_mw"": 228.0, ""distance_m"": 18684.296801058754, ""source_id"": ""plants""}, {""plant_id"": ""59118"", ""name"": ""Cameron Wind 1 LLC"", ""solar_mw"": 0.0, ""wind_mw"": 165.0, ""renewable_mw"": 165.0, ""distance_m"": 24175.885343890037, ""source_id"": ""plants""}, {""plant_id"": ""61773"", ""name"": ""Palmas Wind, LLC"", ""solar_mw"": 0.0, ""wind_mw"": 144.9, ""renewable_mw"": 144.9, ""distance_m"": 13673.209598911957, ""source_id"": ""plants""}, {""plant_id"": ""62909"", ""name"": ""Raymond Wind Farm, LLC"", ""solar_mw"": 0.0, ""wind_mw"": 200.2, ""renewable_mw"": 200.2, ""distance_m"": 20957.7027765257, ""source_id"": ""plants""}, {""plant_id"": ""63624"", ""name"": ""La Chalupa, LLC"", ""solar_mw"": 0.0, ""wind_mw"": 198.5, ""renewable_mw"": 198.5, ""distance_m"": 16796.85654104477, ""source_id"": ""plants""}, {""plant_id"": ""63739"", ""name"": ""Las Majadas Wind Farm"", ""solar_mw"": 0.0, ""wind_mw"": 272.6, ""renewable_mw"": 272.6, ""distance_m"": 4021.640776494983, ""source_id"": ""plants""}, {""plant_id"": ""65760"", ""name"": ""El Sauz Ranch Wind, LLC"", ""solar_mw"": 0.0, ""wind_mw"": 301.0, ""renewable_mw"": 301.0, ""distance_m"": 12400.09624732846, ""source_id"": ""plants""}]",25000,-97.5728957757879,26.39133469726841,0.8955819491551947,0.3582327796620779,0.5974025974025974,0.11948051948051948,0.8333333333333334,0.125,1.0,0.25,0.8527132991425974,31
TX-385-1537-5000,25.0,5000,Hopkins,48223,305808,345.0,280.76056706255827,7.0,7.0,0.0,2076.9,"[{""plant_id"": ""63194"", ""name"": ""Delilah Solar Energy LLC"", ""solar_mw"": 300.0, ""wind_mw"": 0.0, ""renewable_mw"": 300.0, ""distance_m"": 23331.460799836903, ""source_id"": ""plants""}, {""plant_id"": ""63211"", ""name"": ""Samson Solar Energy"", ""solar_mw"": 250.0, ""wind_mw"": 0.0, ""renewable_mw"": 250.0, ""distance_m"": 19865.327166757943, ""source_id"": ""plants""}, {""plant_id"": ""63883"", ""name"": ""Samson Solar Energy III LLC"", ""solar_mw"": 250.0, ""wind_mw"": 0.0, ""renewable_mw"": 250.0, ""distance_m"": 22480.879400749498, ""source_id"": ""plants""}, {""plant_id"": ""64347"", ""name"": ""Mockingbird Solar Center"", ""solar_mw"": 471.0, ""wind_mw"": 0.0, ""renewable_mw"": 471.0, ""distance_m"": 18266.123701154414, ""source_id"": ""plants""}, {""plant_id"": ""67424"", ""name"": ""Hopkins Energy LLC"", ""solar_mw"": 250.0, ""wind_mw"": 0.0, ""renewable_mw"": 250.0, ""distance_m"": 5434.096573986342, ""source_id"": ""plants""}, {""plant_id"": ""67762"", ""name"": ""Stampede Solar Hybrid"", ""solar_mw"": 255.9, ""wind_mw"": 0.0, ""renewable_mw"": 255.9, ""distance_m"": 8531.980740315417, ""source_id"": ""plants""}, {""plant_id"": ""68906"", ""name"": ""Pine Forest Solar I"", ""solar_mw"": 300.0, ""wind_mw"": 0.0, ""renewable_mw"": 300.0, ""distance_m"": 14192.590399971003, ""source_id"": ""plants""}]",25000,-95.40514480929788,33.228085616358456,0.9887695773174977,0.3955078309269991,0.5974025974025974,0.11948051948051948,0.5833333333333334,0.08750000000000001,1.0,0.25,0.8524883504075186,32
TX-292-1517-5000,25.0,5000,Nolan,48353,303996,345.0,2646.5408692625215,11.0,0.0,11.0,1902.1,"[{""plant_id"": ""55968"", ""name"": ""Trent Wind Farm"", ""solar_mw"": 0.0, ""wind_mw"": 152.0, ""renewable_mw"": 152.0, ""distance_m"": 15580.95987766606, ""source_id"": ""plants""}, {""plant_id"": ""56211"", ""name"": ""Sweetwater Wind 1 LLC"", ""solar_mw"": 0.0, ""wind_mw"": 37.5, ""renewable_mw"": 37.5, ""distance_m"": 7692.253776916015, ""source_id"": ""plants""}, {""plant_id"": ""56212"", ""name"": ""Sweetwater Wind 2 LLC"", ""solar_mw"": 0.0, ""wind_mw"": 98.8, ""renewable_mw"": 98.8, ""distance_m"": 7211.84342308254, ""source_id"": ""plants""}, {""plant_id"": ""56311"", ""name"": ""Sweetwater Wind 3 LLC"", ""solar_mw"": 0.0, ""wind_mw"": 135.0, ""renewable_mw"": 135.0, ""distance_m"": 13108.189514651887, ""source_id"": ""plants""}, {""plant_id"": ""56337"", ""name"": ""Sweetwater Wind 4 LLC"", ""solar_mw"": 0.0, ""wind_mw"": 241.0, ""renewable_mw"": 241.0, ""distance_m"": 16209.693321905728, ""source_id"": ""plants""}, {""plant_id"": ""56372"", ""name"": ""Sweetwater Wind 5"", ""solar_mw"": 0.0, ""wind_mw"": 80.5, ""renewable_mw"": 80.5, ""distance_m"": 20501.041267197943, ""source_id"": ""plants""}, {""plant_id"": ""56484"", ""name"": ""Buffalo Gap 2 Wind Farm"", ""solar_mw"": 0.0, ""wind_mw"": 232.5, ""renewable_mw"": 232.5, ""distance_m"": 23116.998396662515, ""source_id"": ""plants""}, {""plant_id"": ""56592"", ""name"": ""Champion Wind Farm LLC"", ""solar_mw"": 0.0, ""wind_mw"": 126.5, ""renewable_mw"": 126.5, ""distance_m"": 23372.05092948519, ""source_id"": ""plants""}, {""plant_id"": ""56984"", ""name"": ""Inadale Wind Farm LLC Hybrid"", ""solar_mw"": 0.0, ""wind_mw"": 197.0, ""renewable_mw"": 197.0, ""distance_m"": 19633.247509883055, ""source_id"": ""plants""}, {""plant_id"": ""62587"", ""name"": ""Mesquite Star"", ""solar_mw"": 0.0, ""wind_mw"": 418.9, ""renewable_mw"": 418.9, ""distance_m"": 18379.412550437664, ""source_id"": ""plants""}, {""plant_id"": ""62836"", ""name"": ""Maryneal Windpower"", ""solar_mw"": 0.0, ""wind_mw"": 182.4, ""renewable_mw"": 182.4, ""distance_m"": 24682.035937336033, ""source_id"": ""plants""}]",25000,-100.39940650327408,32.40726280492174,0.8941383652294992,0.3576553460917997,0.5974025974025974,0.11948051948051948,0.9166666666666666,0.13749999999999998,0.95105,0.2377625,0.8523983655723192,33
TX-387-1539-5000,25.0,5000,Franklin,48159,305247,345.0,2685.343397667795,10.0,10.0,0.0,2492.9,"[{""plant_id"": ""63194"", ""name"": ""Delilah Solar Energy LLC"", ""solar_mw"": 300.0, ""wind_mw"": 0.0, ""renewable_mw"": 300.0, ""distance_m"": 12505.141694646769, ""source_id"": ""plants""}, {""plant_id"": ""63211"", ""name"": ""Samson Solar Energy"", ""solar_mw"": 250.0, ""wind_mw"": 0.0, ""renewable_mw"": 250.0, ""distance_m"": 11639.929016922055, ""source_id"": ""plants""}, {""plant_id"": ""63222"", ""name"": ""Impact Solar 1"", ""solar_mw"": 198.5, ""wind_mw"": 0.0, ""renewable_mw"": 198.5, ""distance_m"": 18518.197918597387, ""source_id"": ""plants""}, {""plant_id"": ""63882"", ""name"": ""Samson Solar Energy II LLC"", ""solar_mw"": 200.0, ""wind_mw"": 0.0, ""renewable_mw"": 200.0, ""distance_m"": 16787.024694995762, ""source_id"": ""plants""}, {""plant_id"": ""63883"", ""name"": ""Samson Solar Energy III LLC"", ""solar_mw"": 250.0, ""wind_mw"": 0.0, ""renewable_mw"": 250.0, ""distance_m"": 13822.925696898385, ""source_id"": ""plants""}, {""plant_id"": ""63884"", ""name"": ""Delilah Solar Energy II LLC"", ""solar_mw"": 310.0, ""wind_mw"": 0.0, ""renewable_mw"": 310.0, ""distance_m"": 18715.966117000327, ""source_id"": ""plants""}, {""plant_id"": ""64347"", ""name"": ""Mockingbird Solar Center"", ""solar_mw"": 471.0, ""wind_mw"": 0.0, ""renewable_mw"": 471.0, ""distance_m"": 14979.544223438754, ""source_id"": ""plants""}, {""plant_id"": ""67424"", ""name"": ""Hopkins Energy LLC"", ""solar_mw"": 250.0, ""wind_mw"": 0.0, ""renewable_mw"": 250.0, ""distance_m"": 19045.741068232783, ""source_id"": ""plants""}, {""plant_id"": ""67762"", ""name"": ""Stampede Solar Hybrid"", ""solar_mw"": 255.9, ""wind_mw"": 0.0, ""renewable_mw"": 255.9, ""distance_m"": 12776.062005712716, ""source_id"": ""plants""}, {""plant_id"": ""69265"", ""name"": ""Talco Solar Project"", ""solar_mw"": 7.5, ""wind_mw"": 0.0, ""renewable_mw"": 7.5, ""distance_m"": 11903.768314822612, ""source_id"": ""plants""}]",25000,-95.2932226721824,33.314248819545845,0.8925862640932882,0.3570345056373153,0.5974025974025974,0.11948051948051948,0.8333333333333334,0.125,1.0,0.25,0.8515150251178347,34
TX-387-1541-5000,25.0,5000,Red River,48387,305247,345.0,1907.6285653766988,9.0,9.0,0.0,2242.9,"[{""plant_id"": ""63194"", ""name"": ""Delilah Solar Energy LLC"", ""solar_mw"": 300.0, ""wind_mw"": 0.0, ""renewable_mw"": 300.0, ""distance_m"": 17669.04014747305, ""source_id"": ""plants""}, {""plant_id"": ""63211"", ""name"": ""Samson Solar Energy"", ""solar_mw"": 250.0, ""wind_mw"": 0.0, ""renewable_mw"": 250.0, ""distance_m"": 19179.46335043058, ""source_id"": ""plants""}, {""plant_id"": ""63222"", ""name"": ""Impact Solar 1"", ""solar_mw"": 198.5, ""wind_mw"": 0.0, ""renewable_mw"": 198.5, ""distance_m"": 10401.407640525671, ""source_id"": ""plants""}, {""plant_id"": ""63882"", ""name"": ""Samson Solar Energy II LLC"", ""solar_mw"": 200.0, ""wind_mw"": 0.0, ""renewable_mw"": 200.0, ""distance_m"": 8193.078771730492, ""source_id"": ""plants""}, {""plant_id"": ""63883"", ""name"": ""Samson Solar Energy III LLC"", ""solar_mw"": 250.0, ""wind_mw"": 0.0, ""renewable_mw"": 250.0, ""distance_m"": 6853.628547127587, ""source_id"": ""plants""}, {""plant_id"": ""63884"", ""name"": ""Delilah Solar Energy II LLC"", ""solar_mw"": 310.0, ""wind_mw"": 0.0, ""renewable_mw"": 310.0, ""distance_m"": 8778.787266343406, ""source_id"": ""plants""}, {""plant_id"": ""64347"", ""name"": ""Mockingbird Solar Center"", ""solar_mw"": 471.0, ""wind_mw"": 0.0, ""renewable_mw"": 471.0, ""distance_m"": 12760.355495358546, ""source_id"": ""plants""}, {""plant_id"": ""67762"", ""name"": ""Stampede Solar Hybrid"", ""solar_mw"": 255.9, ""wind_mw"": 0.0, ""renewable_mw"": 255.9, ""distance_m"": 22714.55671819393, ""source_id"": ""plants""}, {""plant_id"": ""69265"", ""name"": ""Talco Solar Project"", ""solar_mw"": 7.5, ""wind_mw"": 0.0, ""renewable_mw"": 7.5, ""distance_m"": 12214.386506066687, ""source_id"": ""plants""}]",25000,-95.2886458345621,33.40419546706859,0.9236948573849321,0.36947794295397285,0.5974025974025974,0.11948051948051948,0.75,0.11249999999999999,1.0,0.25,0.8514584624344923,35
TX-384-1544-5000,25.0,5000,Lamar,48277,305247,345.0,1818.2677291401126,9.0,9.0,0.0,1974.5,"[{""plant_id"": ""61810"", ""name"": ""Chisum"", ""solar_mw"": 10.0, ""wind_mw"": 0.0, ""renewable_mw"": 10.0, ""distance_m"": 10936.885662268338, ""source_id"": ""plants""}, {""plant_id"": ""63222"", ""name"": ""Impact Solar 1"", ""solar_mw"": 198.5, ""wind_mw"": 0.0, ""renewable_mw"": 198.5, ""distance_m"": 10878.290107713035, ""source_id"": ""plants""}, {""plant_id"": ""63882"", ""name"": ""Samson Solar Energy II LLC"", ""solar_mw"": 200.0, ""wind_mw"": 0.0, ""renewable_mw"": 200.0, ""distance_m"": 13020.821501168748, ""source_id"": ""plants""}, {""plant_id"": ""63883"", ""name"": ""Samson Solar Energy III LLC"", ""solar_mw"": 250.0, ""wind_mw"": 0.0, ""renewable_mw"": 250.0, ""distance_m"": 15366.97980397228, ""source_id"": ""plants""}, {""plant_id"": ""63884"", ""name"": ""Delilah Solar Energy II LLC"", ""solar_mw"": 310.0, ""wind_mw"": 0.0, ""renewable_mw"": 310.0, ""distance_m"": 17613.387291731775, ""source_id"": ""plants""}, {""plant_id"": ""64347"", ""name"": ""Mockingbird Solar Center"", ""solar_mw"": 471.0, ""wind_mw"": 0.0, ""renewable_mw"": 471.0, ""distance_m"": 17089.272919925905, ""source_id"": ""plants""}, {""plant_id"": ""66471"", ""name"": ""Eiffel Solar Project"", ""solar_mw"": 240.0, ""wind_mw"": 0.0, ""renewable_mw"": 240.0, ""distance_m"": 9689.478418895565, ""source_id"": ""plants""}, {""plant_id"": ""66872"", ""name"": ""Estonian Solar Project, LLC"", ""solar_mw"": 204.5, ""wind_mw"": 0.0, ""renewable_mw"": 204.5, ""distance_m"": 22997.89409564666, ""source_id"": ""plants""}, {""plant_id"": ""68856"", ""name"": ""Tyson Nick"", ""solar_mw"": 90.5, ""wind_mw"": 0.0, ""renewable_mw"": 90.5, ""distance_m"": 20337.011411370757, ""source_id"": ""plants""}]",25000,-95.44334599873098,33.54477981047973,0.9272692908343955,0.3709077163337582,0.5974025974025974,0.11948051948051948,0.75,0.11249999999999999,0.98725,0.2468125,0.8497007358142776,36
TX-281-1529-5000,25.0,5000,Scurry,48415,304775,345.0,1038.0099064260448,9.0,2.0,7.0,1859.0,"[{""plant_id"": ""56111"", ""name"": ""Brazos Wind Farm"", ""solar_mw"": 0.0, ""wind_mw"": 182.4, ""renewable_mw"": 182.4, ""distance_m"": 14650.638289204944, ""source_id"": ""plants""}, {""plant_id"": ""56457"", ""name"": ""Post Wind Farm LP"", ""solar_mw"": 0.0, ""wind_mw"": 84.0, ""renewable_mw"": 84.0, ""distance_m"": 21433.61987884204, ""source_id"": ""plants""}, {""plant_id"": ""56506"", ""name"": ""Scurry County Wind LP"", ""solar_mw"": 0.0, ""wind_mw"": 130.5, ""renewable_mw"": 130.5, ""distance_m"": 24865.045521931737, ""source_id"": ""plants""}, {""plant_id"": ""59245"", ""name"": ""Fluvanna"", ""solar_mw"": 0.0, ""wind_mw"": 155.4, ""renewable_mw"": 155.4, ""distance_m"": 14321.057082605268, ""source_id"": ""plants""}, {""plant_id"": ""60902"", ""name"": ""Dermott Wind"", ""solar_mw"": 0.0, ""wind_mw"": 253.0, ""renewable_mw"": 253.0, ""distance_m"": 9054.056135094408, ""source_id"": ""plants""}, {""plant_id"": ""61417"", ""name"": ""Gopher Creek Wind Farm"", ""solar_mw"": 0.0, ""wind_mw"": 158.0, ""renewable_mw"": 158.0, ""distance_m"": 21762.194008390597, ""source_id"": ""plants""}, {""plant_id"": ""63655"", ""name"": ""Coyote Wind LLC"", ""solar_mw"": 0.0, ""wind_mw"": 242.5, ""renewable_mw"": 242.5, ""distance_m"": 15728.933778245715, ""source_id"": ""plants""}, {""plant_id"": ""65644"", ""name"": ""Lumina II Solar Project"", ""solar_mw"": 326.6, ""wind_mw"": 0.0, ""renewable_mw"": 326.6, ""distance_m"": 23806.370833983758, ""source_id"": ""plants""}, {""plant_id"": ""65645"", ""name"": ""Lumina Solar Project"", ""solar_mw"": 326.6, ""wind_mw"": 0.0, ""renewable_mw"": 326.6, ""distance_m"": 4849.066590395501, ""source_id"": ""plants""}]",25000,-100.99090208327848,32.94418000282613,0.9584796037429582,0.3833918414971833,0.5974025974025974,0.11948051948051948,0.75,0.11249999999999999,0.9295,0.232375,0.8477473609777029,37
TX-284-1524-5000,25.0,5000,Scurry,48415,304267,345.0,1037.4542245937132,8.0,2.0,6.0,1957.0,"[{""plant_id"": ""56506"", ""name"": ""Scurry County Wind LP"", ""solar_mw"": 0.0, ""wind_mw"": 130.5, ""renewable_mw"": 130.5, ""distance_m"": 15625.398541291914, ""source_id"": ""plants""}, {""plant_id"": ""56775"", ""name"": ""Scurry County Wind II"", ""solar_mw"": 0.0, ""wind_mw"": 120.0, ""renewable_mw"": 120.0, ""distance_m"": 3273.678347354826, ""source_id"": ""plants""}, {""plant_id"": ""56981"", ""name"": ""Pyron Wind Farm LLC Hybrid"", ""solar_mw"": 0.0, ""wind_mw"": 249.0, ""renewable_mw"": 249.0, ""distance_m"": 20635.613821509236, ""source_id"": ""plants""}, {""plant_id"": ""60271"", ""name"": ""Canyon Wind Project, LLC"", ""solar_mw"": 0.0, ""wind_mw"": 308.8, ""renewable_mw"": 308.8, ""distance_m"": 19572.100558450657, ""source_id"": ""plants""}, {""plant_id"": ""60902"", ""name"": ""Dermott Wind"", ""solar_mw"": 0.0, ""wind_mw"": 253.0, ""renewable_mw"": 253.0, ""distance_m"": 21044.153696372716, ""source_id"": ""plants""}, {""plant_id"": ""63655"", ""name"": ""Coyote Wind LLC"", ""solar_mw"": 0.0, ""wind_mw"": 242.5, ""renewable_mw"": 242.5, ""distance_m"": 14719.303167233087, ""source_id"": ""plants""}, {""plant_id"": ""65644"", ""name"": ""Lumina II Solar Project"", ""solar_mw"": 326.6, ""wind_mw"": 0.0, ""renewable_mw"": 326.6, ""distance_m"": 19685.133581004175, ""source_id"": ""plants""}, {""plant_id"": ""65645"", ""name"": ""Lumina Solar Project"", ""solar_mw"": 326.6, ""wind_mw"": 0.0, ""renewable_mw"": 326.6, ""distance_m"": 24739.986875566305, ""source_id"": ""plants""}]",25000,-100.82821783548575,32.72027315470235,0.9585018310162514,0.3834007324065006,0.5974025974025974,0.11948051948051948,0.6666666666666666,0.09999999999999999,0.9785,0.244625,0.84750625188702,38
TX-384-1543-5000,25.0,5000,Lamar,48277,305247,345.0,2080.467635761266,9.0,9.0,0.0,1974.5,"[{""plant_id"": ""61810"", ""name"": ""Chisum"", ""solar_mw"": 10.0, ""wind_mw"": 0.0, ""renewable_mw"": 10.0, ""distance_m"": 15634.315033677303, ""source_id"": ""plants""}, {""plant_id"": ""63222"", ""name"": ""Impact Solar 1"", ""solar_mw"": 198.5, ""wind_mw"": 0.0, ""renewable_mw"": 198.5, ""distance_m"": 7791.30170713127, ""source_id"": ""plants""}, {""plant_id"": ""63882"", ""name"": ""Samson Solar Energy II LLC"", ""solar_mw"": 200.0, ""wind_mw"": 0.0, ""renewable_mw"": 200.0, ""distance_m"": 10093.593103578462, ""source_id"": ""plants""}, {""plant_id"": ""63883"", ""name"": ""Samson Solar Energy III LLC"", ""solar_mw"": 250.0, ""wind_mw"": 0.0, ""renewable_mw"": 250.0, ""distance_m"": 11540.99621244534, ""source_id"": ""plants""}, {""plant_id"": ""63884"", ""name"": ""Delilah Solar Energy II LLC"", ""solar_mw"": 310.0, ""wind_mw"": 0.0, ""renewable_mw"": 310.0, ""distance_m"": 16487.618166400927, ""source_id"": ""plants""}, {""plant_id"": ""64347"", ""name"": ""Mockingbird Solar Center"", ""solar_mw"": 471.0, ""wind_mw"": 0.0, ""renewable_mw"": 471.0, ""distance_m"": 12158.25996262327, ""source_id"": ""plants""}, {""plant_id"": ""66471"", ""name"": ""Eiffel Solar Project"", ""solar_mw"": 240.0, ""wind_mw"": 0.0, ""renewable_mw"": 240.0, ""distance_m"": 13272.158329307322, ""source_id"": ""plants""}, {""plant_id"": ""66872"", ""name"": ""Estonian Solar Project, LLC"", ""solar_mw"": 204.5, ""wind_mw"": 0.0, ""renewable_mw"": 204.5, ""distance_m"": 21172.622361761787, ""source_id"": ""plants""}, {""plant_id"": ""68856"", ""name"": ""Tyson Nick"", ""solar_mw"": 90.5, ""wind_mw"": 0.0, ""renewable_mw"": 90.5, ""distance_m"": 23298.697748464052, ""source_id"": ""plants""}]",25000,-95.4455637607276,33.49980019068881,0.9167812945695494,0.3667125178278198,0.5974025974025974,0.11948051948051948,0.75,0.11249999999999999,0.98725,0.2468125,0.8455055373083392,39
TX-348-1383-5000,25.0,5000,Willacy,48489,304519,345.0,3066.7821778713533,10.0,0.0,10.0,2114.8,"[{""plant_id"": ""57751"", ""name"": ""Los Vientos Wind 1A"", ""solar_mw"": 0.0, ""wind_mw"": 200.0, ""renewable_mw"": 200.0, ""distance_m"": 2070.0498784128586, ""source_id"": ""plants""}, {""plant_id"": ""57752"", ""name"": ""Los Vientos Wind 1B"", ""solar_mw"": 0.0, ""wind_mw"": 201.6, ""renewable_mw"": 201.6, ""distance_m"": 9282.557402758905, ""source_id"": ""plants""}, {""plant_id"": ""57802"", ""name"": ""Magic Valley Wind Farm I LLC"", ""solar_mw"": 0.0, ""wind_mw"": 203.0, ""renewable_mw"": 203.0, ""distance_m"": 18466.637519714383, ""source_id"": ""plants""}, {""plant_id"": ""59066"", ""name"": ""Bruennings Breeze Wind Farm"", ""solar_mw"": 0.0, ""wind_mw"": 228.0, ""renewable_mw"": 228.0, ""distance_m"": 22723.87117516708, ""source_id"": ""plants""}, {""plant_id"": ""59118"", ""name"": ""Cameron Wind 1 LLC"", ""solar_mw"": 0.0, ""wind_mw"": 165.0, ""renewable_mw"": 165.0, ""distance_m"": 19875.472932922396, ""source_id"": ""plants""}, {""plant_id"": ""61773"", ""name"": ""Palmas Wind, LLC"", ""solar_mw"": 0.0, ""wind_mw"": 144.9, ""renewable_mw"": 144.9, ""distance_m"": 10017.481353280988, ""source_id"": ""plants""}, {""plant_id"": ""62909"", ""name"": ""Raymond Wind Farm, LLC"", ""solar_mw"": 0.0, ""wind_mw"": 200.2, ""renewable_mw"": 200.2, ""distance_m"": 20731.73486450554, ""source_id"": ""plants""}, {""plant_id"": ""63624"", ""name"": ""La Chalupa, LLC"", ""solar_mw"": 0.0, ""wind_mw"": 198.5, ""renewable_mw"": 198.5, ""distance_m"": 12330.730482820543, ""source_id"": ""plants""}, {""plant_id"": ""63739"", ""name"": ""Las Majadas Wind Farm"", ""solar_mw"": 0.0, ""wind_mw"": 272.6, ""renewable_mw"": 272.6, ""distance_m"": 3532.388827169327, ""source_id"": ""plants""}, {""plant_id"": ""65760"", ""name"": ""El Sauz Ranch Wind, LLC"", ""solar_mw"": 0.0, ""wind_mw"": 301.0, ""renewable_mw"": 301.0, ""distance_m"": 17302.58603684731, ""source_id"": ""plants""}]",25000,-97.57399252030442,26.34615295394186,0.8773287128851459,0.35093148515405836,0.5974025974025974,0.11948051948051948,0.8333333333333334,0.125,1.0,0.25,0.8454120046345779,40
TX-257-1486-5000,25.0,5000,Pecos,48371,304174,345.0,2954.861951484342,12.0,7.0,5.0,1756.7,"[{""plant_id"": ""55581"", ""name"": ""King Mountain Wind Ranch 1"", ""solar_mw"": 0.0, ""wind_mw"": 278.0, ""renewable_mw"": 278.0, ""distance_m"": 23978.123240187633, ""source_id"": ""plants""}, {""plant_id"": ""55747"", ""name"": ""NWP Indian Mesa Wind Farm"", ""solar_mw"": 0.0, ""wind_mw"": 82.5, ""renewable_mw"": 82.5, ""distance_m"": 7415.577732318357, ""source_id"": ""plants""}, {""plant_id"": ""55795"", ""name"": ""Woodward Mountain II"", ""solar_mw"": 0.0, ""wind_mw"": 78.0, ""renewable_mw"": 78.0, ""distance_m"": 18186.79739916457, ""source_id"": ""plants""}, {""plant_id"": ""55796"", ""name"": ""Woodward Mountain I"", ""solar_mw"": 0.0, ""wind_mw"": 82.0, ""renewable_mw"": 82.0, ""distance_m"": 18186.79739916457, ""source_id"": ""plants""}, {""plant_id"": ""55992"", ""name"": ""Desert Sky"", ""solar_mw"": 0.0, ""wind_mw"": 167.7, ""renewable_mw"": 167.7, ""distance_m"": 16031.552479294112, ""source_id"": ""plants""}, {""plant_id"": ""59206"", ""name"": ""Alamo 6"", ""solar_mw"": 105.0, ""wind_mw"": 0.0, ""renewable_mw"": 105.0, ""distance_m"": 3916.2819886658144, ""source_id"": ""plants""}, {""plant_id"": ""60436"", ""name"": ""East Pecos Solar"", ""solar_mw"": 118.5, ""wind_mw"": 0.0, ""renewable_mw"": 118.5, ""distance_m"": 5020.527512592297, ""source_id"": ""plants""}, {""plant_id"": ""60682"", ""name"": ""Pearl Solar"", ""solar_mw"": 50.0, ""wind_mw"": 0.0, ""renewable_mw"": 50.0, ""distance_m"": 3731.3073781988737, ""source_id"": ""plants""}, {""plant_id"": ""61346"", ""name"": ""RE Maplewood"", ""solar_mw"": 250.0, ""wind_mw"": 0.0, ""renewable_mw"": 250.0, ""distance_m"": 3269.6149571918713, ""source_id"": ""plants""}, {""plant_id"": ""61368"", ""name"": ""Midway Solar - TX"", ""solar_mw"": 182.0, ""wind_mw"": 0.0, ""renewable_mw"": 182.0, ""distance_m"": 627.4021581572383, ""source_id"": ""plants""}, {""plant_id"": ""62804"", ""name"": ""Greasewood Solar"", ""solar_mw"": 255.0, ""wind_mw"": 0.0, ""renewable_mw"": 255.0, ""distance_m"": 24976.128937905345, ""source_id"": ""plants""}, {""plant_id"": ""63233"", ""name"": ""Emerald Grove"", ""solar_mw"": 108.0, ""wind_mw"": 0.0, ""renewable_mw"": 108.0, ""distance_m"": 16605.715591026546, ""source_id"": ""plants""}]",25000,-102.22974811052664,30.99363208459254,0.8818055219406263,0.35272220877625055,0.5974025974025974,0.11948051948051948,1.0,0.15,0.8783500000000001,0.21958750000000002,0.8417902282567701,41
TX-345-1382-5000,25.0,5000,Cameron,48061,304470,345.0,2007.7029543981282,10.0,2.0,8.0,1828.8,"[{""plant_id"": ""57751"", ""name"": ""Los Vientos Wind 1A"", ""solar_mw"": 0.0, ""wind_mw"": 200.0, ""renewable_mw"": 200.0, ""distance_m"": 14246.908127099785, ""source_id"": ""plants""}, {""plant_id"": ""57752"", ""name"": ""Los Vientos Wind 1B"", ""solar_mw"": 0.0, ""wind_mw"": 201.6, ""renewable_mw"": 201.6, ""distance_m"": 7666.392805741588, ""source_id"": ""plants""}, {""plant_id"": ""57802"", ""name"": ""Magic Valley Wind Farm I LLC"", ""solar_mw"": 0.0, ""wind_mw"": 203.0, ""renewable_mw"": 203.0, ""distance_m"": 19267.938752068334, ""source_id"": ""plants""}, {""plant_id"": ""59066"", ""name"": ""Bruennings Breeze Wind Farm"", ""solar_mw"": 0.0, ""wind_mw"": 228.0, ""renewable_mw"": 228.0, ""distance_m"": 24398.706657175062, ""source_id"": ""plants""}, {""plant_id"": ""61773"", ""name"": ""Palmas Wind, LLC"", ""solar_mw"": 0.0, ""wind_mw"": 144.9, ""renewable_mw"": 144.9, ""distance_m"": 22928.512880347014, ""source_id"": ""plants""}, {""plant_id"": ""62909"", ""name"": ""Raymond Wind Farm, LLC"", ""solar_mw"": 0.0, ""wind_mw"": 200.2, ""renewable_mw"": 200.2, ""distance_m"": 8671.2718536674, ""source_id"": ""plants""}, {""plant_id"": ""63624"", ""name"": ""La Chalupa, LLC"", ""solar_mw"": 0.0, ""wind_mw"": 198.5, ""renewable_mw"": 198.5, ""distance_m"": 22146.877429629592, ""source_id"": ""plants""}, {""plant_id"": ""63739"", ""name"": ""Las Majadas Wind Farm"", ""solar_mw"": 0.0, ""wind_mw"": 272.6, ""renewable_mw"": 272.6, ""distance_m"": 19191.4337103325, ""source_id"": ""plants""}, {""plant_id"": ""65661"", ""name"": ""Nebula Solar"", ""solar_mw"": 135.0, ""wind_mw"": 0.0, ""renewable_mw"": 135.0, ""distance_m"": 24757.881195776612, ""source_id"": ""plants""}, {""plant_id"": ""65662"", ""name"": ""Vancourt Solar Interconnections"", ""solar_mw"": 45.0, ""wind_mw"": 0.0, ""renewable_mw"": 45.0, ""distance_m"": 24757.881195776612, ""source_id"": ""plants""}]",25000,-97.72503917771607,26.303846729651323,0.9196918818240749,0.36787675272963,0.5974025974025974,0.11948051948051948,0.8333333333333334,0.125,0.9144,0.2286,0.8409572722101495,42
TX-347-1385-5000,25.0,5000,Willacy,48489,304519,345.0,2232.464390466381,9.0,0.0,9.0,1949.8,"[{""plant_id"": ""57751"", ""name"": ""Los Vientos Wind 1A"", ""solar_mw"": 0.0, ""wind_mw"": 200.0, ""renewable_mw"": 200.0, ""distance_m"": 12353.466174581516, ""source_id"": ""plants""}, {""plant_id"": ""57752"", ""name"": ""Los Vientos Wind 1B"", ""solar_mw"": 0.0, ""wind_mw"": 201.6, ""renewable_mw"": 201.6, ""distance_m"": 10780.273338557343, ""source_id"": ""plants""}, {""plant_id"": ""57802"", ""name"": ""Magic Valley Wind Farm I LLC"", ""solar_mw"": 0.0, ""wind_mw"": 203.0, ""renewable_mw"": 203.0, ""distance_m"": 8081.745875289974, ""source_id"": ""plants""}, {""plant_id"": ""59066"", ""name"": ""Bruennings Breeze Wind Farm"", ""solar_mw"": 0.0, ""wind_mw"": 228.0, ""renewable_mw"": 228.0, ""distance_m"": 11649.691115580594, ""source_id"": ""plants""}, {""plant_id"": ""61773"", ""name"": ""Palmas Wind, LLC"", ""solar_mw"": 0.0, ""wind_mw"": 144.9, ""renewable_mw"": 144.9, ""distance_m"": 20677.392362497616, ""source_id"": ""plants""}, {""plant_id"": ""62909"", ""name"": ""Raymond Wind Farm, LLC"", ""solar_mw"": 0.0, ""wind_mw"": 200.2, ""renewable_mw"": 200.2, ""distance_m"": 17802.096719055153, ""source_id"": ""plants""}, {""plant_id"": ""63624"", ""name"": ""La Chalupa, LLC"", ""solar_mw"": 0.0, ""wind_mw"": 198.5, ""renewable_mw"": 198.5, ""distance_m"": 23488.93595082805, ""source_id"": ""plants""}, {""plant_id"": ""63739"", ""name"": ""Las Majadas Wind Farm"", ""solar_mw"": 0.0, ""wind_mw"": 272.6, ""renewable_mw"": 272.6, ""distance_m"": 11092.60167067377, ""source_id"": ""plants""}, {""plant_id"": ""65760"", ""name"": ""El Sauz Ranch Wind, LLC"", ""solar_mw"": 0.0, ""wind_mw"": 301.0, ""renewable_mw"": 301.0, ""distance_m"": 7373.911033296769, ""source_id"": ""plants""}]",25000,-97.6218484884457,26.437494399575,0.9107014243813447,0.3642805697525379,0.5974025974025974,0.11948051948051948,0.75,0.11249999999999999,0.9749,0.243725,0.8399860892330573,43
TX-380-1448-5000,25.0,5000,Brazoria,48039,307442,345.0,3639.4647580799174,11.0,10.0,1.0,1923.7,"[{""plant_id"": ""61875"", ""name"": ""Cascade Solar (TX)"", ""solar_mw"": 10.0, ""wind_mw"": 0.0, ""renewable_mw"": 10.0, ""distance_m"": 16877.542439903707, ""source_id"": ""plants""}, {""plant_id"": ""62945"", ""name"": ""Fighting Jays Solar Project"", ""solar_mw"": 227.5, ""wind_mw"": 0.0, ""renewable_mw"": 227.5, ""distance_m"": 17216.680803980344, ""source_id"": ""plants""}, {""plant_id"": ""63273"", ""name"": ""Wagyu"", ""solar_mw"": 120.0, ""wind_mw"": 0.0, ""renewable_mw"": 120.0, ""distance_m"": 18908.243827176997, ""source_id"": ""plants""}, {""plant_id"": ""64133"", ""name"": ""Old 300 Solar Center, LLC"", ""solar_mw"": 430.0, ""wind_mw"": 0.0, ""renewable_mw"": 430.0, ""distance_m"": 11336.310865187008, ""source_id"": ""plants""}, {""plant_id"": ""64447"", ""name"": ""Brazoria West"", ""solar_mw"": 200.0, ""wind_mw"": 0.0, ""renewable_mw"": 200.0, ""distance_m"": 19035.95240176609, ""source_id"": ""plants""}, {""plant_id"": ""65981"", ""name"": ""Second Division Solar"", ""solar_mw"": 100.0, ""wind_mw"": 0.0, ""renewable_mw"": 100.0, ""distance_m"": 12902.856794577221, ""source_id"": ""plants""}, {""plant_id"": ""66046"", ""name"": ""Brazoria County Solar Project (Danciger)"", ""solar_mw"": 200.0, ""wind_mw"": 0.0, ""renewable_mw"": 200.0, ""distance_m"": 10867.069416442768, ""source_id"": ""plants""}, {""plant_id"": ""66262"", ""name"": ""Cutlass Solar II"", ""solar_mw"": 202.8, ""wind_mw"": 0.0, ""renewable_mw"": 202.8, ""distance_m"": 18673.150805971243, ""source_id"": ""plants""}, {""plant_id"": ""66310"", ""name"": ""Cutlass Solar 1 LLC"", ""solar_mw"": 110.9, ""wind_mw"": 0.0, ""renewable_mw"": 110.9, ""distance_m"": 22620.173190802234, ""source_id"": ""plants""}, {""plant_id"": ""67443"", ""name"": ""Lane City Wind"", ""solar_mw"": 0.0, ""wind_mw"": 202.5, ""renewable_mw"": 202.5, ""distance_m"": 17387.164161191868, ""source_id"": ""plants""}, {""plant_id"": ""68998"", ""name"": ""Long Point Solar"", ""solar_mw"": 120.0, ""wind_mw"": 0.0, ""renewable_mw"": 120.0, ""distance_m"": 17187.770389491056, ""source_id"": ""plants""}]",25000,-95.85271569185497,29.234250480764267,0.8544214096768032,0.3417685638707213,0.5974025974025974,0.11948051948051948,0.9166666666666666,0.13749999999999998,0.96185,0.2404625,0.8392115833512408,44
TX-293-1512-5000,25.0,5000,Nolan,48353,304303,345.0,1888.7247021390874,10.0,1.0,9.0,1796.1,"[{""plant_id"": ""56211"", ""name"": ""Sweetwater Wind 1 LLC"", ""solar_mw"": 0.0, ""wind_mw"": 37.5, ""renewable_mw"": 37.5, ""distance_m"": 19807.482282056048, ""source_id"": ""plants""}, {""plant_id"": ""56212"", ""name"": ""Sweetwater Wind 2 LLC"", ""solar_mw"": 0.0, ""wind_mw"": 98.8, ""renewable_mw"": 98.8, ""distance_m"": 18459.414741345026, ""source_id"": ""plants""}, {""plant_id"": ""56311"", ""name"": ""Sweetwater Wind 3 LLC"", ""solar_mw"": 0.0, ""wind_mw"": 135.0, ""renewable_mw"": 135.0, ""distance_m"": 14035.552232404749, ""source_id"": ""plants""}, {""plant_id"": ""56337"", ""name"": ""Sweetwater Wind 4 LLC"", ""solar_mw"": 0.0, ""wind_mw"": 241.0, ""renewable_mw"": 241.0, ""distance_m"": 22596.72658593486, ""source_id"": ""plants""}, {""plant_id"": ""56372"", ""name"": ""Sweetwater Wind 5"", ""solar_mw"": 0.0, ""wind_mw"": 80.5, ""renewable_mw"": 80.5, ""distance_m"": 14326.19122029172, ""source_id"": ""plants""}, {""plant_id"": ""56484"", ""name"": ""Buffalo Gap 2 Wind Farm"", ""solar_mw"": 0.0, ""wind_mw"": 232.5, ""renewable_mw"": 232.5, ""distance_m"": 21870.710451288654, ""source_id"": ""plants""}, {""plant_id"": ""56774"", ""name"": ""Turkey Track Wind Energy LLC"", ""solar_mw"": 0.0, ""wind_mw"": 169.5, ""renewable_mw"": 169.5, ""distance_m"": 7427.369982195403, ""source_id"": ""plants""}, {""plant_id"": ""61962"", ""name"": ""Holstein 1 Solar Farm"", ""solar_mw"": 200.0, ""wind_mw"": 0.0, ""renewable_mw"": 200.0, ""distance_m"": 19297.48024083767, ""source_id"": ""plants""}, {""plant_id"": ""62587"", ""name"": ""Mesquite Star"", ""solar_mw"": 0.0, ""wind_mw"": 418.9, ""renewable_mw"": 418.9, ""distance_m"": 8505.463752728088, ""source_id"": ""plants""}, {""plant_id"": ""62836"", ""name"": ""Maryneal Windpower"", ""solar_mw"": 0.0, ""wind_mw"": 182.4, ""renewable_mw"": 182.4, ""distance_m"": 13922.672875635762, ""source_id"": ""plants""}]",25000,-100.34532190207179,32.182418621662194,0.9244510119144365,0.3697804047657746,0.5974025974025974,0.11948051948051948,0.8333333333333334,0.125,0.8980499999999999,0.22451249999999998,0.8387734242462941,45
TX-387-1538-5000,25.0,5000,Franklin,48159,305808,345.0,4323.69817004114,11.0,11.0,0.0,2792.9,"[{""plant_id"": ""63194"", ""name"": ""Delilah Solar Energy LLC"", ""solar_mw"": 300.0, ""wind_mw"": 0.0, ""renewable_mw"": 300.0, ""distance_m"": 12388.315597299026, ""source_id"": ""plants""}, {""plant_id"": ""63211"", ""name"": ""Samson Solar Energy"", ""solar_mw"": 250.0, ""wind_mw"": 0.0, ""renewable_mw"": 250.0, ""distance_m"": 9711.128362513862, ""source_id"": ""plants""}, {""plant_id"": ""63222"", ""name"": ""Impact Solar 1"", ""solar_mw"": 198.5, ""wind_mw"": 0.0, ""renewable_mw"": 198.5, ""distance_m"": 23136.35322984856, ""source_id"": ""plants""}, {""plant_id"": ""63882"", ""name"": ""Samson Solar Energy II LLC"", ""solar_mw"": 200.0, ""wind_mw"": 0.0, ""renewable_mw"": 200.0, ""distance_m"": 21543.978910259495, ""source_id"": ""plants""}, {""plant_id"": ""63883"", ""name"": ""Samson Solar Energy III LLC"", ""solar_mw"": 250.0, ""wind_mw"": 0.0, ""renewable_mw"": 250.0, ""distance_m"": 18388.142921512208, ""source_id"": ""plants""}, {""plant_id"": ""63884"", ""name"": ""Delilah Solar Energy II LLC"", ""solar_mw"": 310.0, ""wind_mw"": 0.0, ""renewable_mw"": 310.0, ""distance_m"": 23704.37783628163, ""source_id"": ""plants""}, {""plant_id"": ""64347"", ""name"": ""Mockingbird Solar Center"", ""solar_mw"": 471.0, ""wind_mw"": 0.0, ""renewable_mw"": 471.0, ""distance_m"": 18170.492055224382, ""source_id"": ""plants""}, {""plant_id"": ""67424"", ""name"": ""Hopkins Energy LLC"", ""solar_mw"": 250.0, ""wind_mw"": 0.0, ""renewable_mw"": 250.0, ""distance_m"": 16541.01609343033, ""source_id"": ""plants""}, {""plant_id"": ""67762"", ""name"": ""Stampede Solar Hybrid"", ""solar_mw"": 255.9, ""wind_mw"": 0.0, ""renewable_mw"": 255.9, ""distance_m"": 7865.500435998938, ""source_id"": ""plants""}, {""plant_id"": ""68906"", ""name"": ""Pine Forest Solar I"", ""solar_mw"": 300.0, ""wind_mw"": 0.0, ""renewable_mw"": 300.0, ""distance_m"": 20773.69186336416, ""source_id"": ""plants""}, {""plant_id"": ""69265"", ""name"": ""Talco Solar Project"", ""solar_mw"": 7.5, ""wind_mw"": 0.0, ""renewable_mw"": 7.5, ""distance_m"": 14592.94114562483, ""source_id"": ""plants""}]",25000,-95.29550775999769,33.26927685259151,0.8270520731983544,0.33082082927934175,0.5974025974025974,0.11948051948051948,0.9166666666666666,0.13749999999999998,1.0,0.25,0.8378013487598612,46
TX-347-1384-5000,25.0,5000,Willacy,48489,304519,345.0,2386.525134238607,9.0,0.0,9.0,1949.8,"[{""plant_id"": ""57751"", ""name"": ""Los Vientos Wind 1A"", ""solar_mw"": 0.0, ""wind_mw"": 200.0, ""renewable_mw"": 200.0, ""distance_m"": 7764.176989650929, ""source_id"": ""plants""}, {""plant_id"": ""57752"", ""name"": ""Los Vientos Wind 1B"", ""solar_mw"": 0.0, ""wind_mw"": 201.6, ""renewable_mw"": 201.6, ""distance_m"": 6502.334696520229, ""source_id"": ""plants""}, {""plant_id"": ""57802"", ""name"": ""Magic Valley Wind Farm I LLC"", ""solar_mw"": 0.0, ""wind_mw"": 203.0, ""renewable_mw"": 203.0, ""distance_m"": 11430.193923449098, ""source_id"": ""plants""}, {""plant_id"": ""59066"", ""name"": ""Bruennings Breeze Wind Farm"", ""solar_mw"": 0.0, ""wind_mw"": 228.0, ""renewable_mw"": 228.0, ""distance_m"": 15905.554920340644, ""source_id"": ""plants""}, {""plant_id"": ""61773"", ""name"": ""Palmas Wind, LLC"", ""solar_mw"": 0.0, ""wind_mw"": 144.9, ""renewable_mw"": 144.9, ""distance_m"": 17057.192818287214, ""source_id"": ""plants""}, {""plant_id"": ""62909"", ""name"": ""Raymond Wind Farm, LLC"", ""solar_mw"": 0.0, ""wind_mw"": 200.2, ""renewable_mw"": 200.2, ""distance_m"": 16046.624954100344, ""source_id"": ""plants""}, {""plant_id"": ""63624"", ""name"": ""La Chalupa, LLC"", ""solar_mw"": 0.0, ""wind_mw"": 198.5, ""renewable_mw"": 198.5, ""distance_m"": 19278.035083525076, ""source_id"": ""plants""}, {""plant_id"": ""63739"", ""name"": ""Las Majadas Wind Farm"", ""solar_mw"": 0.0, ""wind_mw"": 272.6, ""renewable_mw"": 272.6, ""distance_m"": 8327.664025126016, ""source_id"": ""plants""}, {""plant_id"": ""65760"", ""name"": ""El Sauz Ranch Wind, LLC"", ""solar_mw"": 0.0, ""wind_mw"": 301.0, ""renewable_mw"": 301.0, ""distance_m"": 12247.10825241902, ""source_id"": ""plants""}]",25000,-97.62292361224547,26.392315413750236,0.9045389946304557,0.3618155978521823,0.5974025974025974,0.11948051948051948,0.75,0.11249999999999999,0.9749,0.243725,0.8375211173327017,47
TX-295-1512-5000,25.0,5000,Nolan,48353,304680,345.0,5267.797914158824,13.0,1.0,12.0,2695.4,"[{""plant_id"": ""56211"", ""name"": ""Sweetwater Wind 1 LLC"", ""solar_mw"": 0.0, ""wind_mw"": 37.5, ""renewable_mw"": 37.5, ""distance_m"": 21886.89067690458, ""source_id"": ""plants""}, {""plant_id"": ""56212"", ""name"": ""Sweetwater Wind 2 LLC"", ""solar_mw"": 0.0, ""wind_mw"": 98.8, ""renewable_mw"": 98.8, ""distance_m"": 22057.67393035195, ""source_id"": ""plants""}, {""plant_id"": ""56240"", ""name"": ""Buffalo Gap Wind Farm"", ""solar_mw"": 0.0, ""wind_mw"": 120.6, ""renewable_mw"": 120.6, ""distance_m"": 21994.531337759345, ""source_id"": ""plants""}, {""plant_id"": ""56270"", ""name"": ""Callahan Divide Wind Energy Center"", ""solar_mw"": 0.0, ""wind_mw"": 114.0, ""renewable_mw"": 114.0, ""distance_m"": 24485.93285981132, ""source_id"": ""plants""}, {""plant_id"": ""56291"", ""name"": ""Horse Hollow Wind Energy Center"", ""solar_mw"": 0.0, ""wind_mw"": 735.5, ""renewable_mw"": 735.5, ""distance_m"": 17472.464087218625, ""source_id"": ""plants""}, {""plant_id"": ""56311"", ""name"": ""Sweetwater Wind 3 LLC"", ""solar_mw"": 0.0, ""wind_mw"": 135.0, ""renewable_mw"": 135.0, ""distance_m"": 20981.438976986723, ""source_id"": ""plants""}, {""plant_id"": ""56372"", ""name"": ""Sweetwater Wind 5"", ""solar_mw"": 0.0, ""wind_mw"": 80.5, ""renewable_mw"": 80.5, ""distance_m"": 23757.643679172794, ""source_id"": ""plants""}, {""plant_id"": ""56484"", ""name"": ""Buffalo Gap 2 Wind Farm"", ""solar_mw"": 0.0, ""wind_mw"": 232.5, ""renewable_mw"": 232.5, ""distance_m"": 16155.08683819206, ""source_id"": ""plants""}, {""plant_id"": ""56638"", ""name"": ""Buffalo Gap 3 Wind Farm"", ""solar_mw"": 0.0, ""wind_mw"": 170.2, ""renewable_mw"": 170.2, ""distance_m"": 17538.739030756107, ""source_id"": ""plants""}, {""plant_id"": ""56774"", ""name"": ""Turkey Track Wind Energy LLC"", ""solar_mw"": 0.0, ""wind_mw"": 169.5, ""renewable_mw"": 169.5, ""distance_m"": 3266.1615243295423, ""source_id"": ""plants""}, {""plant_id"": ""61962"", ""name"": ""Holstein 1 Solar Farm"", ""solar_mw"": 200.0, ""wind_mw"": 0.0, ""renewable_mw"": 200.0, ""distance_m"": 11326.390734896722, ""source_id"": ""plants""}, {""plant_id"": ""62587"", ""name"": ""Mesquite Star"", ""solar_mw"": 0.0, ""wind_mw"": 418.9, ""renewable_mw"": 418.9, ""distance_m"": 11170.861002341395, ""source_id"": ""plants""}, {""plant_id"": ""62836"", ""name"": ""Maryneal Windpower"", ""solar_mw"": 0.0, ""wind_mw"": 182.4, ""renewable_mw"": 182.4, ""distance_m"": 23866.108757962334, ""source_id"": ""plants""}]",25000,-100.23906941306878,32.18265621797057,0.7892880834336471,0.31571523337345886,0.5974025974025974,0.11948051948051948,1.0,0.15,1.0,0.25,0.8351957528539783,48
TX-281-1528-5000,25.0,5000,Scurry,48415,304775,345.0,1852.6353459310596,9.0,2.0,7.0,1859.0,"[{""plant_id"": ""56111"", ""name"": ""Brazos Wind Farm"", ""solar_mw"": 0.0, ""wind_mw"": 182.4, ""renewable_mw"": 182.4, ""distance_m"": 15659.565150949991, ""source_id"": ""plants""}, {""plant_id"": ""56457"", ""name"": ""Post Wind Farm LP"", ""solar_mw"": 0.0, ""wind_mw"": 84.0, ""renewable_mw"": 84.0, ""distance_m"": 21580.357152493187, ""source_id"": ""plants""}, {""plant_id"": ""56506"", ""name"": ""Scurry County Wind LP"", ""solar_mw"": 0.0, ""wind_mw"": 130.5, ""renewable_mw"": 130.5, ""distance_m"": 19867.021194952722, ""source_id"": ""plants""}, {""plant_id"": ""59245"", ""name"": ""Fluvanna"", ""solar_mw"": 0.0, ""wind_mw"": 155.4, ""renewable_mw"": 155.4, ""distance_m"": 14760.567643697366, ""source_id"": ""plants""}, {""plant_id"": ""60902"", ""name"": ""Dermott Wind"", ""solar_mw"": 0.0, ""wind_mw"": 253.0, ""renewable_mw"": 253.0, ""distance_m"": 4185.039447141878, ""source_id"": ""plants""}, {""plant_id"": ""61417"", ""name"": ""Gopher Creek Wind Farm"", ""solar_mw"": 0.0, ""wind_mw"": 158.0, ""renewable_mw"": 158.0, ""distance_m"": 20587.496750507333, ""source_id"": ""plants""}, {""plant_id"": ""63655"", ""name"": ""Coyote Wind LLC"", ""solar_mw"": 0.0, ""wind_mw"": 242.5, ""renewable_mw"": 242.5, ""distance_m"": 12862.828429636, ""source_id"": ""plants""}, {""plant_id"": ""65644"", ""name"": ""Lumina II Solar Project"", ""solar_mw"": 326.6, ""wind_mw"": 0.0, ""renewable_mw"": 326.6, ""distance_m"": 22859.816245143942, ""source_id"": ""plants""}, {""plant_id"": ""65645"", ""name"": ""Lumina Solar Project"", ""solar_mw"": 326.6, ""wind_mw"": 0.0, ""renewable_mw"": 326.6, ""distance_m"": 752.1330131134195, ""source_id"": ""plants""}]",25000,-100.99042278676102,32.89917575084675,0.9258945861627577,0.37035783446510306,0.5974025974025974,0.11948051948051948,0.75,0.11249999999999999,0.9295,0.232375,0.8347133539456225,49
TX-346-1381-5000,25.0,5000,Cameron,48061,304470,345.0,2039.8044244663813,10.0,2.0,8.0,1765.8,"[{""plant_id"": ""57751"", ""name"": ""Los Vientos Wind 1A"", ""solar_mw"": 0.0, ""wind_mw"": 200.0, ""renewable_mw"": 200.0, ""distance_m"": 12123.40931233925, ""source_id"": ""plants""}, {""plant_id"": ""57752"", ""name"": ""Los Vientos Wind 1B"", ""solar_mw"": 0.0, ""wind_mw"": 201.6, ""renewable_mw"": 201.6, ""distance_m"": 10132.082415864455, ""source_id"": ""plants""}, {""plant_id"": ""57802"", ""name"": ""Magic Valley Wind Farm I LLC"", ""solar_mw"": 0.0, ""wind_mw"": 203.0, ""renewable_mw"": 203.0, ""distance_m"": 24116.81637178355, ""source_id"": ""plants""}, {""plant_id"": ""59118"", ""name"": ""Cameron Wind 1 LLC"", ""solar_mw"": 0.0, ""wind_mw"": 165.0, ""renewable_mw"": 165.0, ""distance_m"": 22123.16225880184, ""source_id"": ""plants""}, {""plant_id"": ""61773"", ""name"": ""Palmas Wind, LLC"", ""solar_mw"": 0.0, ""wind_mw"": 144.9, ""renewable_mw"": 144.9, ""distance_m"": 18306.250537107324, ""source_id"": ""plants""}, {""plant_id"": ""62909"", ""name"": ""Raymond Wind Farm, LLC"", ""solar_mw"": 0.0, ""wind_mw"": 200.2, ""renewable_mw"": 200.2, ""distance_m"": 15732.18400714927, ""source_id"": ""plants""}, {""plant_id"": ""63624"", ""name"": ""La Chalupa, LLC"", ""solar_mw"": 0.0, ""wind_mw"": 198.5, ""renewable_mw"": 198.5, ""distance_m"": 16458.689420527164, ""source_id"": ""plants""}, {""plant_id"": ""63739"", ""name"": ""Las Majadas Wind Farm"", ""solar_mw"": 0.0, ""wind_mw"": 272.6, ""renewable_mw"": 272.6, ""distance_m"": 17647.631868582805, ""source_id"": ""plants""}, {""plant_id"": ""65661"", ""name"": ""Nebula Solar"", ""solar_mw"": 135.0, ""wind_mw"": 0.0, ""renewable_mw"": 135.0, ""distance_m"": 22221.615452988655, ""source_id"": ""plants""}, {""plant_id"": ""65662"", ""name"": ""Vancourt Solar Interconnections"", ""solar_mw"": 45.0, ""wind_mw"": 0.0, ""renewable_mw"": 45.0, ""distance_m"": 22221.615452988655, ""source_id"": ""plants""}]",25000,-97.67610424837464,26.257718757135088,0.9184078230213447,0.3673631292085379,0.5974025974025974,0.11948051948051948,0.8333333333333334,0.125,0.8829,0.220725,0.8325686486890573,50
